firstname,lastname,email,profession,city,country
Atlanta,Revkah,Atlanta.Revkah@yopmail.com,firefighter,Tucson,Cameroon
Althea,Hertzfeld,Althea.Hertzfeld@yopmail.com,firefighter,Rabi Island,Monaco
Mariann,Grobe,Mariann.Grobe@yopmail.com,firefighter,Porto Alegre,Saint Kitts and Nevis
Dianemarie,Zina,Dianemarie.Zina@yopmail.com,police officer,Chongjin,Ghana
Glynnis,Kinnard,Glynnis.Kinnard@yopmail.com,worker,Shijiazhuang,Montserrat
Nanete,Vacuva,Nanete.Vacuva@yopmail.com,doctor,Algiers,Austria
Madeleine,Kare,Madeleine.Kare@yopmail.com,doctor,Ibadan,Netherlands
Aeriela,Bronk,Aeriela.Bronk@yopmail.com,worker,Thimphu,Morocco
Katharina,Cookie,Katharina.Cookie@yopmail.com,firefighter,Bangui,Reunion
Katleen,Leonard,Katleen.Leonard@yopmail.com,worker,Harare,Luxembourg
Lelah,Bach,Lelah.Bach@yopmail.com,developer,Newcastle,Saint Helena
Farrah,Kannry,Farrah.Kannry@yopmail.com,police officer,Kigali,"Taiwan, Province of China"
Helena,Moina,Helena.Moina@yopmail.com,worker,Malang,Puerto Rico
Sean,Heidt,Sean.Heidt@yopmail.com,worker,Chittagong,Comoros
Lorne,Sadowski,Lorne.Sadowski@yopmail.com,police officer,Ouagadougou,AndorrA
Alyda,Chabot,Alyda.Chabot@yopmail.com,developer,Macau,Cape Verde
Lita,Charmine,Lita.Charmine@yopmail.com,worker,Bandung,South Georgia and the South Sandwich Islands
Carilyn,Garek,Carilyn.Garek@yopmail.com,doctor,Port-au-Prince,Tonga
Ira,Hewitt,Ira.Hewitt@yopmail.com,police officer,Alexandria,Saudi Arabia
Cissiee,Therine,Cissiee.Therine@yopmail.com,firefighter,Tehran,Saint Pierre and Miquelon
Dione,Madaih,Dione.Madaih@yopmail.com,firefighter,La Serena,New Caledonia
Molli,Colbert,Molli.Colbert@yopmail.com,firefighter,Lima,"Congo, The Democratic Republic of the"
Max,Yorick,Max.Yorick@yopmail.com,police officer,Roseau,Israel
Caressa,Breed,Caressa.Breed@yopmail.com,police officer,Lomé,Gibraltar
Odessa,Blase,Odessa.Blase@yopmail.com,worker,Auckland,Iceland
Cam,Bord,Cam.Bord@yopmail.com,firefighter,Osaka,Zimbabwe
Fawne,Danby,Fawne.Danby@yopmail.com,firefighter,Saint-Pierre,RWANDA
Zsa Zsa,Dermott,Zsa Zsa.Dermott@yopmail.com,police officer,Astana,Benin
Rhoda,Darian,Rhoda.Darian@yopmail.com,worker,Zamboanga City,Egypt
Valeda,Parsaye,Valeda.Parsaye@yopmail.com,firefighter,Invercargill,Western Sahara
Evita,Vanni,Evita.Vanni@yopmail.com,police officer,Dededo,Jersey
Kerrin,Joeann,Kerrin.Joeann@yopmail.com,developer,Forked River,Sao Tome and Principe
Fayre,Garrison,Fayre.Garrison@yopmail.com,developer,Chongqing,Slovakia
Hettie,Orlene,Hettie.Orlene@yopmail.com,police officer,Pelotas,Saint Kitts and Nevis
Pierette,Raffo,Pierette.Raffo@yopmail.com,police officer,Funafuti,Western Sahara
Paule,Monk,Paule.Monk@yopmail.com,worker,Chişinău,Guyana
Sue,Reinke,Sue.Reinke@yopmail.com,doctor,Panama City,Faroe Islands
Heddie,Millda,Heddie.Millda@yopmail.com,worker,Islamabad,Turkmenistan
Ada,Gert,Ada.Gert@yopmail.com,doctor,Zürich,Eritrea
Carree,Damarra,Carree.Damarra@yopmail.com,developer,Louisville,Burkina Faso
Cissiee,Lutero,Cissiee.Lutero@yopmail.com,doctor,Curitiba,Latvia
Ardenia,Shuler,Ardenia.Shuler@yopmail.com,police officer,Birkirkara,Solomon Islands
Chere,Old,Chere.Old@yopmail.com,worker,Hamilton,Honduras
Tracey,Bergman,Tracey.Bergman@yopmail.com,developer,Nanjing,Montserrat
Hope,Nikaniki,Hope.Nikaniki@yopmail.com,doctor,Ürümqi,South Georgia and the South Sandwich Islands
Keelia,Tippets,Keelia.Tippets@yopmail.com,firefighter,Jacksonville,Qatar
Bernardine,Lunsford,Bernardine.Lunsford@yopmail.com,police officer,Longyearbyen,Germany
Inga,Hurley,Inga.Hurley@yopmail.com,doctor,Nouméa,Benin
Misha,Phi,Misha.Phi@yopmail.com,firefighter,Puebla,Bangladesh
Fanny,Raimondo,Fanny.Raimondo@yopmail.com,firefighter,Phuket (city),Aruba
Ericka,Meli,Ericka.Meli@yopmail.com,police officer,Port Blair,Saint Helena
Imojean,Muriel,Imojean.Muriel@yopmail.com,developer,Agartala,"Lao People""S Democratic Republic"
Ninnetta,Erminia,Ninnetta.Erminia@yopmail.com,police officer,Wichita,Pitcairn
Drucie,Frendel,Drucie.Frendel@yopmail.com,doctor,Norilsk,Burkina Faso
Kellen,Carlson,Kellen.Carlson@yopmail.com,police officer,Accra,Croatia
Margalo,Yusuk,Margalo.Yusuk@yopmail.com,firefighter,Ouagadougou,Saint Lucia
Lulita,Neva,Lulita.Neva@yopmail.com,worker,Indianapolis,Swaziland
Rhea,Arquit,Rhea.Arquit@yopmail.com,firefighter,San Francisco,Ireland
Ninnetta,Berriman,Ninnetta.Berriman@yopmail.com,worker,Monrovia,Isle of Man
Morganica,Velick,Morganica.Velick@yopmail.com,firefighter,Blantyre,Iraq
Shandie,Naashom,Shandie.Naashom@yopmail.com,developer,Bern,France
Bettine,Verger,Bettine.Verger@yopmail.com,doctor,Saskatoon,Holy See (Vatican City State)
Lindie,Freddi,Lindie.Freddi@yopmail.com,worker,Pittsburgh,Gabon
Vonny,Winnick,Vonny.Winnick@yopmail.com,doctor,Rabi Island,Nigeria
Caressa,Desai,Caressa.Desai@yopmail.com,firefighter,Yamoussoukro,Trinidad and Tobago
Mignon,Keily,Mignon.Keily@yopmail.com,developer,Tokyo,Philippines
Lesly,Kevon,Lesly.Kevon@yopmail.com,worker,Kandy,Sudan
Natka,Borrell,Natka.Borrell@yopmail.com,developer,Surat Thani,Ghana
Zsa Zsa,Morehouse,Zsa Zsa.Morehouse@yopmail.com,worker,Guangzhou,Liberia
Stacey,Tomasina,Stacey.Tomasina@yopmail.com,worker,Ottawa,Iraq
Rochette,Kosey,Rochette.Kosey@yopmail.com,doctor,Kawasaki,"Macedonia, The Former Yugoslav Republic of"
Ingrid,Sherrie,Ingrid.Sherrie@yopmail.com,police officer,Belmopan,Turks and Caicos Islands
Tani,Hedve,Tani.Hedve@yopmail.com,doctor,Iquitos,Mongolia
Elise,Hutchison,Elise.Hutchison@yopmail.com,worker,Medellín,Kyrgyzstan
Hope,Braun,Hope.Braun@yopmail.com,developer,Rio Branco,Pitcairn
Cassondra,Llovera,Cassondra.Llovera@yopmail.com,worker,Raleigh,Bulgaria
Ninnetta,Hamil,Ninnetta.Hamil@yopmail.com,doctor,Weno,Zimbabwe
Latisha,Lasley,Latisha.Lasley@yopmail.com,police officer,Bergen,Uruguay
Andree,Thar,Andree.Thar@yopmail.com,police officer,Nukulaelae,Iraq
Amalie,Oneida,Amalie.Oneida@yopmail.com,doctor,Jaipur,Western Sahara
Krystle,Wilkinson,Krystle.Wilkinson@yopmail.com,developer,Kigali,Anguilla
Emmey,Ovid,Emmey.Ovid@yopmail.com,worker,Dili,Kiribati
Fred,Gualtiero,Fred.Gualtiero@yopmail.com,worker,Beirut,Cayman Islands
Latisha,Reidar,Latisha.Reidar@yopmail.com,police officer,Kraków,Morocco
Albertina,Dahlia,Albertina.Dahlia@yopmail.com,developer,Cairo,Antarctica
Zsa Zsa,Sammons,Zsa Zsa.Sammons@yopmail.com,worker,Port Said,France
Mahalia,Marsden,Mahalia.Marsden@yopmail.com,worker,Split (city),Ecuador
Rayna,Alejoa,Rayna.Alejoa@yopmail.com,police officer,Kanpur,Guinea-Bissau
Basia,Aaberg,Basia.Aaberg@yopmail.com,doctor,Taipei,Central African Republic
Lory,Delila,Lory.Delila@yopmail.com,doctor,Cartagena,Ethiopia
Donetta,Cullin,Donetta.Cullin@yopmail.com,firefighter,Sydney,Ukraine
Susette,Dearborn,Susette.Dearborn@yopmail.com,police officer,Lanzhou,Myanmar
Natka,Georas,Natka.Georas@yopmail.com,developer,Mecca,Thailand
Karly,Modie,Karly.Modie@yopmail.com,doctor,Rochester,Mauritius
Arlina,Stefa,Arlina.Stefa@yopmail.com,worker,Naples,Christmas Island
Mariele,Ahab,Mariele.Ahab@yopmail.com,doctor,Bern,Martinique
Tamqrah,Lorain,Tamqrah.Lorain@yopmail.com,doctor,Santa Cruz de la Sierra,Saudi Arabia
Gusty,Ogren,Gusty.Ogren@yopmail.com,doctor,Zamboanga City,Haiti
Cherilyn,Chapland,Cherilyn.Chapland@yopmail.com,doctor,Forked River,Grenada
Frances,Dawkins,Frances.Dawkins@yopmail.com,firefighter,Saipan,Equatorial Guinea
Corly,Magnolia,Corly.Magnolia@yopmail.com,worker,Warsaw,Bouvet Island
Sidoney,Rosalba,Sidoney.Rosalba@yopmail.com,developer,Bogotá,Ukraine
Lita,Bergman,Lita.Bergman@yopmail.com,developer,Lubumbashi,Viet Nam
Christal,Gaulin,Christal.Gaulin@yopmail.com,doctor,Vitória,Norway
Ana,Docilla,Ana.Docilla@yopmail.com,developer,Suva,United States
Roslyn,Justinn,Roslyn.Justinn@yopmail.com,doctor,Surat Thani,Paraguay
Hermione,Toor,Hermione.Toor@yopmail.com,worker,Ndola,Guam
Stephanie,Khorma,Stephanie.Khorma@yopmail.com,doctor,Rabat,Nauru
Christal,Bronk,Christal.Bronk@yopmail.com,worker,Kingston,Belgium
Jordan,Leopold,Jordan.Leopold@yopmail.com,firefighter,Cincinnati,Chad
Shaylyn,Lindemann,Shaylyn.Lindemann@yopmail.com,police officer,Tartu,Saint Kitts and Nevis
Ileana,Goth,Ileana.Goth@yopmail.com,police officer,Samara,Isle of Man
Alameda,Nedrud,Alameda.Nedrud@yopmail.com,police officer,Cape Town,Samoa
Cassondra,Vittoria,Cassondra.Vittoria@yopmail.com,police officer,Pretoria,Azerbaijan
Dawn,Denis,Dawn.Denis@yopmail.com,developer,Medina,Azerbaijan
Elyssa,Kress,Elyssa.Kress@yopmail.com,worker,Medan,Åland Islands
Gerrie,Grayce,Gerrie.Grayce@yopmail.com,firefighter,Kandy,South Africa
Audrie,Mandler,Audrie.Mandler@yopmail.com,doctor,Hagåtña,Pakistan
Therine,Lewes,Therine.Lewes@yopmail.com,worker,Surat,Papua New Guinea
Keelia,Reinke,Keelia.Reinke@yopmail.com,worker,Marrakech,Hungary
Raf,Dex,Raf.Dex@yopmail.com,firefighter,San Fernando,Austria
Kore,Guthrie,Kore.Guthrie@yopmail.com,worker,Paramaribo,Georgia
Dulce,Amasa,Dulce.Amasa@yopmail.com,police officer,San Diego,Pitcairn
Angela,Mallon,Angela.Mallon@yopmail.com,developer,Libreville,Maldives
Viviene,Braun,Viviene.Braun@yopmail.com,firefighter,Basra,Mongolia
Gretal,Merat,Gretal.Merat@yopmail.com,worker,Thiès,Romania
Hayley,Kolnick,Hayley.Kolnick@yopmail.com,doctor,Vancouver,Honduras
Noelle,Diogenes,Noelle.Diogenes@yopmail.com,police officer,Balikpapan,Viet Nam
Alia,Donell,Alia.Donell@yopmail.com,doctor,Moroni,British Indian Ocean Territory
Dulcinea,Adore,Dulcinea.Adore@yopmail.com,developer,Hanga Roa,Congo
Merle,Dosia,Merle.Dosia@yopmail.com,doctor,Austin,Malaysia
Myriam,Juliet,Myriam.Juliet@yopmail.com,police officer,Kota Bharu,Togo
Aubrie,Nahum,Aubrie.Nahum@yopmail.com,doctor,Lhasa,Spain
Carree,Middleton,Carree.Middleton@yopmail.com,firefighter,Glasgow,Niue
Brandise,Middleton,Brandise.Middleton@yopmail.com,developer,Majuro,Bangladesh
Delilah,Nisbet,Delilah.Nisbet@yopmail.com,firefighter,Majuro,Faroe Islands
Concettina,Abernon,Concettina.Abernon@yopmail.com,doctor,Aberdeen,Jamaica
Cissiee,Pernick,Cissiee.Pernick@yopmail.com,police officer,Wollongong,Saint Lucia
Georgina,Flyn,Georgina.Flyn@yopmail.com,doctor,Rawalpindi,Venezuela
Monika,Shaver,Monika.Shaver@yopmail.com,firefighter,Baghdad,Uruguay
Joane,Hull,Joane.Hull@yopmail.com,firefighter,Hanoi,Antarctica
Renie,Warthman,Renie.Warthman@yopmail.com,firefighter,Stockholm,Sudan
Taffy,Belldas,Taffy.Belldas@yopmail.com,police officer,Charlotte Amalie,Guadeloupe
Layla,Ophelia,Layla.Ophelia@yopmail.com,worker,Doha,Papua New Guinea
Elyssa,Phi,Elyssa.Phi@yopmail.com,doctor,Dakar,United States Minor Outlying Islands
Allis,Ludewig,Allis.Ludewig@yopmail.com,police officer,Manzini,Comoros
Daune,Melleta,Daune.Melleta@yopmail.com,doctor,Weno,British Indian Ocean Territory
Paule,Kress,Paule.Kress@yopmail.com,police officer,Ankara,Finland
Elbertina,Daveta,Elbertina.Daveta@yopmail.com,worker,Gibraltar,Tokelau
Therine,Arathorn,Therine.Arathorn@yopmail.com,firefighter,Riyadh,Aruba
Monika,Ricarda,Monika.Ricarda@yopmail.com,police officer,Vienna,Spain
Sherrie,Wooster,Sherrie.Wooster@yopmail.com,developer,Cleveland,Puerto Rico
Melisent,Skurnik,Melisent.Skurnik@yopmail.com,developer,Kiev,Seychelles
Eve,Drus,Eve.Drus@yopmail.com,police officer,Mérida,Mali
Lexine,Brotherson,Lexine.Brotherson@yopmail.com,police officer,Wuhan,Uzbekistan
Marline,Ariella,Marline.Ariella@yopmail.com,worker,Hamilton,Azerbaijan
Babita,Lunsford,Babita.Lunsford@yopmail.com,police officer,Baltimore,Honduras
Verla,Braun,Verla.Braun@yopmail.com,firefighter,Kaohsiung,Dominica
Kimberley,Orpah,Kimberley.Orpah@yopmail.com,firefighter,Palikir,Madagascar
Jillayne,Sasnett,Jillayne.Sasnett@yopmail.com,worker,Bangalore,Puerto Rico
Xylina,Pitt,Xylina.Pitt@yopmail.com,doctor,Quebec City,Iraq
Danny,Anselmi,Danny.Anselmi@yopmail.com,worker,Zürich,Isle of Man
Camile,Dex,Camile.Dex@yopmail.com,developer,Dededo,Comoros
Nataline,Olnee,Nataline.Olnee@yopmail.com,worker,Malmö,Belize
Paola,Matthew,Paola.Matthew@yopmail.com,police officer,Tianjin,Madagascar
Aryn,Shirberg,Aryn.Shirberg@yopmail.com,worker,Belmopan,Haiti
Kirstin,Abernon,Kirstin.Abernon@yopmail.com,worker,Phoenix,South Africa
Lory,Zamora,Lory.Zamora@yopmail.com,firefighter,Detroit,Barbados
Hyacinthe,Colyer,Hyacinthe.Colyer@yopmail.com,police officer,Mérida,Sweden
Ethel,Berne,Ethel.Berne@yopmail.com,doctor,Norilsk,Martinique
Lolita,Ventre,Lolita.Ventre@yopmail.com,police officer,Vitória,Slovakia
Belinda,Bigner,Belinda.Bigner@yopmail.com,developer,Forked River,Equatorial Guinea
Clary,Ledah,Clary.Ledah@yopmail.com,doctor,Suva,Brazil
Joceline,Greenwald,Joceline.Greenwald@yopmail.com,firefighter,Saint-Pierre,Malaysia
Sara-Ann,Jenness,Sara-Ann.Jenness@yopmail.com,doctor,Road Town,Serbia and Montenegro
Reeba,Elephus,Reeba.Elephus@yopmail.com,worker,Miami,Marshall Islands
Carlie,Lia,Carlie.Lia@yopmail.com,worker,Providence,Colombia
Amalie,Lytton,Amalie.Lytton@yopmail.com,firefighter,Split (city),Cocos (Keeling) Islands
Ericka,Lilas,Ericka.Lilas@yopmail.com,developer,Manama,Benin
Stevana,Ochs,Stevana.Ochs@yopmail.com,worker,Angra do Heroísmo,"Cote D""Ivoire"
Ottilie,Matthew,Ottilie.Matthew@yopmail.com,developer,Palikir,Chile
Yetty,Eiser,Yetty.Eiser@yopmail.com,police officer,Phoenix,Thailand
Rhea,Kirstin,Rhea.Kirstin@yopmail.com,worker,Cayenne,Iraq
Zaria,Berard,Zaria.Berard@yopmail.com,developer,Alor Star,United Kingdom
Maryellen,Darrell,Maryellen.Darrell@yopmail.com,doctor,Lima,India
Edith,Palocz,Edith.Palocz@yopmail.com,firefighter,Serekunda,Cook Islands
Libbie,Weitman,Libbie.Weitman@yopmail.com,police officer,Porto,Tunisia
Fernande,Chabot,Fernande.Chabot@yopmail.com,police officer,Bulawayo,Romania
Konstance,Schalles,Konstance.Schalles@yopmail.com,firefighter,Ludhiana,Monaco
Luci,Brieta,Luci.Brieta@yopmail.com,worker,Memphis,Hong Kong
Layla,Marlie,Layla.Marlie@yopmail.com,developer,Chuí,Solomon Islands
Beverley,Regan,Beverley.Regan@yopmail.com,worker,London,Peru
Marleah,Gillan,Marleah.Gillan@yopmail.com,developer,Bucharest,Russian Federation
Deloria,Secrest,Deloria.Secrest@yopmail.com,doctor,Brazzaville,French Polynesia
Elka,Keily,Elka.Keily@yopmail.com,doctor,Makati City,Australia
Rosanne,Marden,Rosanne.Marden@yopmail.com,developer,Jeddah,"Congo, The Democratic Republic of the"
Annabela,Screens,Annabela.Screens@yopmail.com,firefighter,Suez,Belgium
Blake,Campball,Blake.Campball@yopmail.com,doctor,Hamburg,South Georgia and the South Sandwich Islands
Gabi,Zrike,Gabi.Zrike@yopmail.com,firefighter,Rotterdam,Netherlands
Atlanta,Ogren,Atlanta.Ogren@yopmail.com,developer,Ouagadougou,Niue
Concettina,Concha,Concettina.Concha@yopmail.com,police officer,Tamale,"Taiwan, Province of China"
Melisent,Junie,Melisent.Junie@yopmail.com,firefighter,Ho Chi Minh City,Philippines
Ketti,Dermott,Ketti.Dermott@yopmail.com,firefighter,Ciudad del Este,Venezuela
Ana,Bearnard,Ana.Bearnard@yopmail.com,worker,Bissau,Grenada
Lisette,Ramona,Lisette.Ramona@yopmail.com,police officer,Alexandria,Benin
Lynnea,Heisel,Lynnea.Heisel@yopmail.com,worker,Antofagasta,Myanmar
Yetty,Rodmann,Yetty.Rodmann@yopmail.com,firefighter,Sofia,Northern Mariana Islands
Sheree,Cherianne,Sheree.Cherianne@yopmail.com,developer,Adamstown,Romania
Mireielle,Liva,Mireielle.Liva@yopmail.com,police officer,Francistown,Djibouti
Brooks,Vharat,Brooks.Vharat@yopmail.com,worker,Pago Pago,Morocco
Sybille,Soneson,Sybille.Soneson@yopmail.com,developer,Portland,New Zealand
Carol-Jean,Gwenore,Carol-Jean.Gwenore@yopmail.com,doctor,Hong Kong,Lebanon
Emma,Rona,Emma.Rona@yopmail.com,doctor,Phoenix,Niger
Annabela,Yate,Annabela.Yate@yopmail.com,doctor,Lubumbashi,Tuvalu
Hollie,Jeanne,Hollie.Jeanne@yopmail.com,doctor,Jacksonville,Viet Nam
Magdalena,Tryck,Magdalena.Tryck@yopmail.com,firefighter,Washington,Nepal
Elsie,Hunfredo,Elsie.Hunfredo@yopmail.com,firefighter,Leeds,Afghanistan
Lila,Melony,Lila.Melony@yopmail.com,firefighter,Bogotá,Jamaica
Arabel,Daegal,Arabel.Daegal@yopmail.com,worker,Seville,British Indian Ocean Territory
Giustina,Mendez,Giustina.Mendez@yopmail.com,doctor,Port Vila,Mali
Alisha,Thunell,Alisha.Thunell@yopmail.com,worker,Xi'an,Croatia
Louella,Lorain,Louella.Lorain@yopmail.com,worker,Vilnius,Macao
Glenda,Greyson,Glenda.Greyson@yopmail.com,developer,Nanjing,San Marino
Blondelle,Arquit,Blondelle.Arquit@yopmail.com,developer,Longyearbyen,Benin
Zondra,Allina,Zondra.Allina@yopmail.com,firefighter,Jaipur,Libyan Arab Jamahiriya
Gloria,Israeli,Gloria.Israeli@yopmail.com,police officer,Assis,Lesotho
Yolane,Marisa,Yolane.Marisa@yopmail.com,firefighter,Kunming,Trinidad and Tobago
Genevra,Wadell,Genevra.Wadell@yopmail.com,worker,Gibraltar,Egypt
Micheline,Maryanne,Micheline.Maryanne@yopmail.com,police officer,Dededo,Lebanon
Arlina,Colp,Arlina.Colp@yopmail.com,doctor,Rabi Island,Viet Nam
Jany,Karna,Jany.Karna@yopmail.com,police officer,Pelotas,Palau
Ardeen,Milde,Ardeen.Milde@yopmail.com,firefighter,Jayapura,South Africa
Feliza,Pascia,Feliza.Pascia@yopmail.com,firefighter,Banda Aceh,"Palestinian Territory, Occupied"
Edyth,Greyson,Edyth.Greyson@yopmail.com,firefighter,Davao City,Serbia and Montenegro
Elvira,Christal,Elvira.Christal@yopmail.com,doctor,Omdurman,Sri Lanka
Shirlee,Vary,Shirlee.Vary@yopmail.com,police officer,Winnipeg,Papua New Guinea
Edyth,Pulsifer,Edyth.Pulsifer@yopmail.com,worker,Campo Grande,Senegal
Susan,Barney,Susan.Barney@yopmail.com,police officer,Cockburn Town,Hong Kong
Laurene,Barbey,Laurene.Barbey@yopmail.com,police officer,Concepción,Hong Kong
Jsandye,Latini,Jsandye.Latini@yopmail.com,firefighter,Kano,Tonga
Randa,Ranjiv,Randa.Ranjiv@yopmail.com,police officer,Toulouse,Kenya
Cathyleen,MacIntosh,Cathyleen.MacIntosh@yopmail.com,developer,Abu Dhabi,Tuvalu
Marti,Read,Marti.Read@yopmail.com,developer,Porto,Ukraine
Dominga,Mendez,Dominga.Mendez@yopmail.com,police officer,Sri Jayawardenapura-Kotte,Cameroon
Mary,Sheedy,Mary.Sheedy@yopmail.com,firefighter,Taipei,Cook Islands
Libbie,Hebner,Libbie.Hebner@yopmail.com,firefighter,London,"Tanzania, United Republic of"
Mara,Lucienne,Mara.Lucienne@yopmail.com,firefighter,Cannes,Ukraine
Emylee,Gerge,Emylee.Gerge@yopmail.com,doctor,Abidjan,Denmark
Winny,Darbie,Winny.Darbie@yopmail.com,developer,Horta (Azores),Montserrat
Yvonne,Bari,Yvonne.Bari@yopmail.com,police officer,Castries,Saint Helena
Kirstin,Kaja,Kirstin.Kaja@yopmail.com,worker,Tallinn,Hungary
Zondra,Bertold,Zondra.Bertold@yopmail.com,developer,Yakutsk,Mayotte
Marcelline,Celestine,Marcelline.Celestine@yopmail.com,doctor,Guadalajara,Luxembourg
Mahalia,Henebry,Mahalia.Henebry@yopmail.com,firefighter,Athens,Jamaica
Theodora,Darrell,Theodora.Darrell@yopmail.com,doctor,Abidjan,Greenland
Constance,Pierette,Constance.Pierette@yopmail.com,doctor,Naples,Marshall Islands
Alia,Shama,Alia.Shama@yopmail.com,worker,Arequipa,Brunei Darussalam
Pamella,Dorine,Pamella.Dorine@yopmail.com,police officer,Mbabane,Angola
Phylis,Sikorski,Phylis.Sikorski@yopmail.com,police officer,San José,Philippines
Hayley,Havens,Hayley.Havens@yopmail.com,police officer,Greenwich,Tajikistan
Concettina,Kaete,Concettina.Kaete@yopmail.com,doctor,Iloilo City,Bouvet Island
Gwenneth,Rad,Gwenneth.Rad@yopmail.com,doctor,Cuiabá,"Korea, Republic of"
Brana,Bonilla,Brana.Bonilla@yopmail.com,firefighter,Hanover,Cameroon
Sissy,Rese,Sissy.Rese@yopmail.com,police officer,Charlottetown,Luxembourg
Glynnis,Hull,Glynnis.Hull@yopmail.com,doctor,Basra,Guatemala
Gratia,Arley,Gratia.Arley@yopmail.com,worker,Yellowknife,Pakistan
Raf,Sancho,Raf.Sancho@yopmail.com,doctor,Asmara,India
Heddie,Dielu,Heddie.Dielu@yopmail.com,worker,Patna,Nigeria
Aryn,Ahab,Aryn.Ahab@yopmail.com,police officer,Serekunda,"Iran, Islamic Republic Of"
Concettina,Dannye,Concettina.Dannye@yopmail.com,police officer,Chuí,Malaysia
Alexine,Roumell,Alexine.Roumell@yopmail.com,firefighter,Cebu City,Kenya
Brena,Philoo,Brena.Philoo@yopmail.com,firefighter,Columbus,Central African Republic
Luci,Israeli,Luci.Israeli@yopmail.com,doctor,Jacksonville,El Salvador
Alleen,Lacombe,Alleen.Lacombe@yopmail.com,doctor,Seoul,RWANDA
Ronna,Sidonius,Ronna.Sidonius@yopmail.com,police officer,Kunming,Malaysia
Cacilie,Berriman,Cacilie.Berriman@yopmail.com,doctor,South Tarawa,Maldives
Betta,Kannry,Betta.Kannry@yopmail.com,firefighter,Hanoi,Hungary
Beth,Wittie,Beth.Wittie@yopmail.com,police officer,Balikpapan,Qatar
Vivia,Ackerley,Vivia.Ackerley@yopmail.com,police officer,Changchun,Slovenia
Xylina,Holbrook,Xylina.Holbrook@yopmail.com,worker,Bogor,French Southern Territories
Desirae,Aldric,Desirae.Aldric@yopmail.com,doctor,Luxor,Puerto Rico
Phylis,Vittoria,Phylis.Vittoria@yopmail.com,worker,Denver,Sudan
Fidelia,O'Carroll,Fidelia.O'Carroll@yopmail.com,firefighter,Surabaya,Argentina
Dolli,McNully,Dolli.McNully@yopmail.com,developer,Mogadishu,Samoa
Gabriellia,Juan,Gabriellia.Juan@yopmail.com,firefighter,Nukulaelae,Malaysia
Emilia,Mitzi,Emilia.Mitzi@yopmail.com,developer,Belém,Faroe Islands
Chloris,Nelsen,Chloris.Nelsen@yopmail.com,worker,Yamoussoukro,Paraguay
Marjie,Cristi,Marjie.Cristi@yopmail.com,doctor,Bratislava,Puerto Rico
Amii,Fancie,Amii.Fancie@yopmail.com,firefighter,New Orleans,Denmark
Flory,Rosalba,Flory.Rosalba@yopmail.com,firefighter,Vitória,Burundi
Susette,Goode,Susette.Goode@yopmail.com,police officer,Athens,Monaco
Brianna,Erminia,Brianna.Erminia@yopmail.com,police officer,Lomé,Maldives
Hildegaard,Cleo,Hildegaard.Cleo@yopmail.com,doctor,Seville,Netherlands
Mallory,Weaks,Mallory.Weaks@yopmail.com,worker,Split (city),Falkland Islands (Malvinas)
Concettina,Pulsifer,Concettina.Pulsifer@yopmail.com,doctor,Pune,Grenada
Olivette,Jaylene,Olivette.Jaylene@yopmail.com,police officer,Sukhumi,Malawi
Brynna,Gaal,Brynna.Gaal@yopmail.com,worker,Barranquilla,Fiji
Stevana,Alfons,Stevana.Alfons@yopmail.com,firefighter,Shenyang,Mongolia
Penelopa,Cherianne,Penelopa.Cherianne@yopmail.com,worker,Lahore,Saint Vincent and the Grenadines
Helena,Codding,Helena.Codding@yopmail.com,doctor,Pyongyang,Brunei Darussalam
Georgetta,Iiette,Georgetta.Iiette@yopmail.com,doctor,Buffalo,Myanmar
Isa,Etom,Isa.Etom@yopmail.com,doctor,Tampa,Switzerland
Norine,Hillel,Norine.Hillel@yopmail.com,worker,Innsbruck,Christmas Island
Ira,Serilda,Ira.Serilda@yopmail.com,developer,Lyon,Bouvet Island
Rosanne,Junie,Rosanne.Junie@yopmail.com,police officer,Santiago,British Indian Ocean Territory
Barbi,Zamora,Barbi.Zamora@yopmail.com,developer,Casablanca,Jersey
Christal,Lilybelle,Christal.Lilybelle@yopmail.com,firefighter,Newcastle,Northern Mariana Islands
Danika,Stefa,Danika.Stefa@yopmail.com,doctor,Ho Chi Minh City,Turks and Caicos Islands
Rani,Lenny,Rani.Lenny@yopmail.com,police officer,Milan,Germany
Christal,Septima,Christal.Septima@yopmail.com,worker,Shigatse,Czech Republic
Merry,Rona,Merry.Rona@yopmail.com,worker,Livingstone,Serbia and Montenegro
Gui,Albertine,Gui.Albertine@yopmail.com,developer,Shenzhen,Dominican Republic
Merrie,Izaak,Merrie.Izaak@yopmail.com,worker,Dededo,United Arab Emirates
Almeta,Ralfston,Almeta.Ralfston@yopmail.com,doctor,Hamburg,Pitcairn
Gabi,Delila,Gabi.Delila@yopmail.com,firefighter,Udon Thani,Togo
Fanny,Dulciana,Fanny.Dulciana@yopmail.com,worker,Nantes,"Taiwan, Province of China"
Laure,Rheingold,Laure.Rheingold@yopmail.com,worker,Siem Reap,Switzerland
Dione,Phaidra,Dione.Phaidra@yopmail.com,police officer,Las Palmas de Gran Canaria,Indonesia
Deirdre,Taima,Deirdre.Taima@yopmail.com,developer,Maputo,Bahamas
Mireielle,Valerio,Mireielle.Valerio@yopmail.com,firefighter,Douala,Greenland
Cecile,Joachim,Cecile.Joachim@yopmail.com,doctor,Gangtok,Brazil
Althea,Carvey,Althea.Carvey@yopmail.com,worker,Nagoya,Yemen
Marguerite,Rolf,Marguerite.Rolf@yopmail.com,developer,Abuja,Saudi Arabia
Cecile,Tatianas,Cecile.Tatianas@yopmail.com,worker,Cleveland,Heard Island and Mcdonald Islands
Tomasina,Laverne,Tomasina.Laverne@yopmail.com,police officer,South Tarawa,Suriname
Jessy,Mendez,Jessy.Mendez@yopmail.com,developer,Bissau,Senegal
Gilda,Myrilla,Gilda.Myrilla@yopmail.com,police officer,Monrovia,Lesotho
Andree,Anis,Andree.Anis@yopmail.com,firefighter,Seoul,United Arab Emirates
Cam,Means,Cam.Means@yopmail.com,doctor,Seville,Denmark
Hollie,Joli,Hollie.Joli@yopmail.com,firefighter,Warsaw,Chad
Demetris,Harl,Demetris.Harl@yopmail.com,firefighter,Nanning,Kenya
Sybille,Rodmann,Sybille.Rodmann@yopmail.com,police officer,Bratsk,Somalia
Aeriela,Kenney,Aeriela.Kenney@yopmail.com,police officer,Kandahar,Ukraine
Augustine,Bury,Augustine.Bury@yopmail.com,worker,Nantes,Bahamas
Drucie,Kaete,Drucie.Kaete@yopmail.com,firefighter,Hanga Roa,Martinique
Iseabal,Han,Iseabal.Han@yopmail.com,worker,Majuro,Pitcairn
Nikki,Wesle,Nikki.Wesle@yopmail.com,developer,Hanover,Estonia
Corly,Duwalt,Corly.Duwalt@yopmail.com,police officer,Chengdu,Zimbabwe
Taffy,Pascia,Taffy.Pascia@yopmail.com,doctor,Damascus,Austria
Doralynne,Shirberg,Doralynne.Shirberg@yopmail.com,firefighter,Rio de Janeiro,Brazil
Harmonia,Maroney,Harmonia.Maroney@yopmail.com,worker,Dhaka,Christmas Island
Janey,Markman,Janey.Markman@yopmail.com,developer,Durban,Saudi Arabia
Viki,Ranjiv,Viki.Ranjiv@yopmail.com,developer,Innsbruck,"Taiwan, Province of China"
Lyssa,Sancho,Lyssa.Sancho@yopmail.com,doctor,Stanley,Syrian Arab Republic
Malina,Angelis,Malina.Angelis@yopmail.com,firefighter,Ipoh,Marshall Islands
Etta,Saree,Etta.Saree@yopmail.com,police officer,St. John's,"Macedonia, The Former Yugoslav Republic of"
Zia,Jethro,Zia.Jethro@yopmail.com,doctor,Albuquerque,"Cote D""Ivoire"
Viki,Erich,Viki.Erich@yopmail.com,doctor,Athens,Liechtenstein
Kara-Lynn,Magdalen,Kara-Lynn.Magdalen@yopmail.com,doctor,Nashville,Ukraine
Vivia,Geffner,Vivia.Geffner@yopmail.com,worker,Tamale,Haiti
Emylee,Rese,Emylee.Rese@yopmail.com,firefighter,Banjul,Guyana
Teriann,Lilybelle,Teriann.Lilybelle@yopmail.com,police officer,Budapest,Benin
Rori,Fillbert,Rori.Fillbert@yopmail.com,firefighter,El Aaiún,United Kingdom
Andree,Rossner,Andree.Rossner@yopmail.com,worker,Hanga Roa,Tonga
Hope,Donell,Hope.Donell@yopmail.com,doctor,Vilnius,Somalia
Petronia,Wareing,Petronia.Wareing@yopmail.com,worker,Bratislava,Eritrea
Marjie,Orpah,Marjie.Orpah@yopmail.com,developer,Koror,Peru
Elvira,Juan,Elvira.Juan@yopmail.com,doctor,Cali,Gambia
Caressa,Zeeba,Caressa.Zeeba@yopmail.com,developer,Cali,Saint Kitts and Nevis
Amalie,Wallis,Amalie.Wallis@yopmail.com,firefighter,Nantes,Ethiopia
Hettie,Lasley,Hettie.Lasley@yopmail.com,doctor,São José dos Campos,Guadeloupe
Betta,Ulphia,Betta.Ulphia@yopmail.com,worker,Calgary,Saint Lucia
Fanchon,Loring,Fanchon.Loring@yopmail.com,worker,Louisville,Vanuatu
Courtnay,Shanley,Courtnay.Shanley@yopmail.com,police officer,Roseau,"Moldova, Republic of"
Gilligan,Munn,Gilligan.Munn@yopmail.com,police officer,Medina,Mozambique
Nelle,Andrel,Nelle.Andrel@yopmail.com,firefighter,Ambon,Croatia
Corene,Philipp,Corene.Philipp@yopmail.com,developer,Vilnius,Mongolia
Rochette,Hanleigh,Rochette.Hanleigh@yopmail.com,firefighter,Quezon City,Tunisia
Elka,Paine,Elka.Paine@yopmail.com,developer,Cologne,Senegal
Delilah,Fairweather,Delilah.Fairweather@yopmail.com,doctor,Yellowknife,Paraguay
Lulita,Breed,Lulita.Breed@yopmail.com,doctor,Fortaleza,Kuwait
Frank,Graig,Frank.Graig@yopmail.com,worker,Ushuaia,Svalbard and Jan Mayen
Gusella,Sidonius,Gusella.Sidonius@yopmail.com,firefighter,Serekunda,Svalbard and Jan Mayen
Nicoli,Mich,Nicoli.Mich@yopmail.com,firefighter,Zapopan,Saudi Arabia
Arabel,Scammon,Arabel.Scammon@yopmail.com,firefighter,Bratsk,Malaysia
Pamella,Westphal,Pamella.Westphal@yopmail.com,police officer,Papeete,Tuvalu
Nicoli,Ricarda,Nicoli.Ricarda@yopmail.com,doctor,Córdoba,Canada
Carolina,Sprage,Carolina.Sprage@yopmail.com,worker,Balikpapan,India
Ardys,Robertson,Ardys.Robertson@yopmail.com,police officer,Makassar,Ghana
Paulita,Braun,Paulita.Braun@yopmail.com,firefighter,Ilhéus,Ukraine
Sissy,Pascia,Sissy.Pascia@yopmail.com,firefighter,Lima,Martinique
Corina,Knowling,Corina.Knowling@yopmail.com,firefighter,Gaziantep,Poland
Chickie,Euridice,Chickie.Euridice@yopmail.com,developer,Phnom Penh,Turks and Caicos Islands
Mildrid,Aurelio,Mildrid.Aurelio@yopmail.com,doctor,City of San Marino,China
Annaliese,Cyrie,Annaliese.Cyrie@yopmail.com,developer,Rabi Island,Oman
Annice,Yusuk,Annice.Yusuk@yopmail.com,firefighter,Indianapolis,Yemen
Anestassia,Hunfredo,Anestassia.Hunfredo@yopmail.com,developer,Malmö,French Polynesia
Shel,Ambrosia,Shel.Ambrosia@yopmail.com,firefighter,Chengdu,Tokelau
Eadie,Killigrew,Eadie.Killigrew@yopmail.com,doctor,Kandahar,Liechtenstein
Gusella,Ferino,Gusella.Ferino@yopmail.com,developer,Dushanbe,Pakistan
Raina,Jotham,Raina.Jotham@yopmail.com,firefighter,Valdivia,Romania
Bertine,Cornelia,Bertine.Cornelia@yopmail.com,worker,Pristina,Venezuela
Emma,Lesley,Emma.Lesley@yopmail.com,doctor,Nagoya,RWANDA
Jere,Astra,Jere.Astra@yopmail.com,developer,Hargeisa,Suriname
Sherrie,Baptlsta,Sherrie.Baptlsta@yopmail.com,worker,Santiago,United Arab Emirates
Madelle,An,Madelle.An@yopmail.com,firefighter,Malabo,"Korea, Democratic People""S Republic of"
Darlleen,Elephus,Darlleen.Elephus@yopmail.com,worker,Sofia,Uruguay
Petronia,McGrody,Petronia.McGrody@yopmail.com,firefighter,Greenwich,Gambia
Lisette,Maryanne,Lisette.Maryanne@yopmail.com,worker,Greenwich,Sri Lanka
Sabina,Raama,Sabina.Raama@yopmail.com,worker,Kano,Panama
Lynde,Gusella,Lynde.Gusella@yopmail.com,doctor,Curitiba,Antarctica
Doralynne,Prouty,Doralynne.Prouty@yopmail.com,police officer,Geelong,Costa Rica
Frieda,Stanwood,Frieda.Stanwood@yopmail.com,worker,Bahía Blanca,Marshall Islands
Sara-Ann,Colleen,Sara-Ann.Colleen@yopmail.com,worker,Tskhinvali,Mauritius
Tierney,Creamer,Tierney.Creamer@yopmail.com,police officer,Honiara,Marshall Islands
Anestassia,Drus,Anestassia.Drus@yopmail.com,developer,Kabul,Greece
Gaylene,Philoo,Gaylene.Philoo@yopmail.com,doctor,Hilo,Reunion
Lesly,Desai,Lesly.Desai@yopmail.com,worker,Mwanza,United States Minor Outlying Islands
Zsa Zsa,Fadiman,Zsa Zsa.Fadiman@yopmail.com,police officer,Dongguan,New Caledonia
Charmaine,Bates,Charmaine.Bates@yopmail.com,firefighter,Port-au-Prince,United Kingdom
Brana,Buttaro,Brana.Buttaro@yopmail.com,worker,Tokyo,Nicaragua
Angelique,Hamil,Angelique.Hamil@yopmail.com,firefighter,Santa Cruz de Tenerife,New Zealand
Elsie,Sundin,Elsie.Sundin@yopmail.com,police officer,Gaborone,Togo
Jean,Saint,Jean.Saint@yopmail.com,firefighter,Medan,Brazil
Angelique,Federica,Angelique.Federica@yopmail.com,developer,Honiara,Mauritania
Tina,Poll,Tina.Poll@yopmail.com,firefighter,Algiers,Bhutan
Gratia,Tatianas,Gratia.Tatianas@yopmail.com,police officer,Los Angeles,Netherlands
Meg,Hunfredo,Meg.Hunfredo@yopmail.com,doctor,Johannesburg,Saint Vincent and the Grenadines
Gilligan,Arne,Gilligan.Arne@yopmail.com,developer,Nuuk,Egypt
Emelina,Brian,Emelina.Brian@yopmail.com,police officer,Townsville,Jersey
Lesly,Burkle,Lesly.Burkle@yopmail.com,firefighter,Santo Domingo,Nigeria
Jerry,Nance,Jerry.Nance@yopmail.com,developer,Nassau,Costa Rica
Evita,Prouty,Evita.Prouty@yopmail.com,developer,Adelaide,Libyan Arab Jamahiriya
Clary,Ajay,Clary.Ajay@yopmail.com,police officer,Tagbilaran,Bangladesh
Christy,Schalles,Christy.Schalles@yopmail.com,worker,Iquitos,Central African Republic
Veda,Durante,Veda.Durante@yopmail.com,worker,Geelong,"Cote D""Ivoire"
Tera,Bobbee,Tera.Bobbee@yopmail.com,worker,Casablanca,Gambia
Clary,Philoo,Clary.Philoo@yopmail.com,police officer,Zürich,Morocco
Alexine,Barbey,Alexine.Barbey@yopmail.com,worker,Bern,United Arab Emirates
Odessa,Rhu,Odessa.Rhu@yopmail.com,firefighter,Saipan,Aruba
Carmencita,Daegal,Carmencita.Daegal@yopmail.com,developer,Zagreb,Tuvalu
Kimmy,Darrell,Kimmy.Darrell@yopmail.com,police officer,Belém,Aruba
Claresta,Uund,Claresta.Uund@yopmail.com,firefighter,Ho Chi Minh City,"Macedonia, The Former Yugoslav Republic of"
Almeta,Zenas,Almeta.Zenas@yopmail.com,worker,Tunis,Uruguay
Quintina,Voletta,Quintina.Voletta@yopmail.com,doctor,Bratsk,Ukraine
Ilse,Desai,Ilse.Desai@yopmail.com,firefighter,Iquique,Costa Rica
Hallie,Hillel,Hallie.Hillel@yopmail.com,firefighter,Tabriz,Saint Helena
Cassondra,Wilona,Cassondra.Wilona@yopmail.com,developer,Leipzig,Guadeloupe
Riannon,Olympium,Riannon.Olympium@yopmail.com,police officer,Porto Alegre,Cameroon
Loree,Eachern,Loree.Eachern@yopmail.com,police officer,Mamoudzou,"Korea, Democratic People""S Republic of"
Shell,Anyah,Shell.Anyah@yopmail.com,police officer,Blantyre,Turks and Caicos Islands
Hermione,Mathilde,Hermione.Mathilde@yopmail.com,worker,Peshawar,"Iran, Islamic Republic Of"
Nerta,Sasnett,Nerta.Sasnett@yopmail.com,developer,Suez,Australia
Abbie,Goldina,Abbie.Goldina@yopmail.com,developer,Bandar Seri Begawan,Kuwait
Lindie,Liebermann,Lindie.Liebermann@yopmail.com,firefighter,Punta Arenas,Cuba
Louella,Egbert,Louella.Egbert@yopmail.com,developer,London,San Marino
Cecile,Demitria,Cecile.Demitria@yopmail.com,developer,Lyon,Tuvalu
Margalo,Bethany,Margalo.Bethany@yopmail.com,doctor,Denver,Afghanistan
Angelique,Pitt,Angelique.Pitt@yopmail.com,worker,Wollongong,Saint Pierre and Miquelon
Angela,Maurine,Angela.Maurine@yopmail.com,doctor,Hangzhou,Philippines
Monika,Hartnett,Monika.Hartnett@yopmail.com,doctor,Shenyang,Jordan
Ayn,Janene,Ayn.Janene@yopmail.com,worker,Hagåtña,Namibia
Helena,Ball,Helena.Ball@yopmail.com,firefighter,Chiang Mai,Uzbekistan
Phedra,Clarissa,Phedra.Clarissa@yopmail.com,worker,Cebu City,Malaysia
Penelopa,Valoniah,Penelopa.Valoniah@yopmail.com,firefighter,El Paso,Brunei Darussalam
Ofilia,Hedve,Ofilia.Hedve@yopmail.com,police officer,Aarhus,Ecuador
Florencia,Alfons,Florencia.Alfons@yopmail.com,doctor,Valencia,South Africa
Valera,Bord,Valera.Bord@yopmail.com,doctor,Zamboanga City,Mongolia
Daryl,Wadell,Daryl.Wadell@yopmail.com,firefighter,Ashgabat,Qatar
Blake,Clie,Blake.Clie@yopmail.com,police officer,Alofi,Czech Republic
Caressa,Lay,Caressa.Lay@yopmail.com,firefighter,San Diego,Mauritius
Annecorinne,Dreda,Annecorinne.Dreda@yopmail.com,firefighter,Malacca Town,Italy
Maridel,Francyne,Maridel.Francyne@yopmail.com,firefighter,Cuiabá,Mongolia
Cacilie,Zetta,Cacilie.Zetta@yopmail.com,firefighter,Ciudad del Este,Vanuatu
Babita,Fennessy,Babita.Fennessy@yopmail.com,developer,Barranquilla,Turkey
Chickie,Bergman,Chickie.Bergman@yopmail.com,police officer,Moroni,Viet Nam
Karolina,Nore,Karolina.Nore@yopmail.com,police officer,Mandurah,Togo
Paulita,Hanleigh,Paulita.Hanleigh@yopmail.com,doctor,Bangui,Saint Vincent and the Grenadines
Isa,Bennie,Isa.Bennie@yopmail.com,doctor,Belém,Burundi
Amii,Wallis,Amii.Wallis@yopmail.com,police officer,Lanzhou,French Guiana
Nessie,Chobot,Nessie.Chobot@yopmail.com,developer,Vaduz,French Polynesia
Carree,Sharl,Carree.Sharl@yopmail.com,worker,Johannesburg,Angola
Barbara,Bluh,Barbara.Bluh@yopmail.com,doctor,Antwerp,Anguilla
Reeba,Waldron,Reeba.Waldron@yopmail.com,developer,Surabaya,Nicaragua
Kellen,Byrne,Kellen.Byrne@yopmail.com,worker,Geneva,Latvia
Aeriela,Fleeta,Aeriela.Fleeta@yopmail.com,developer,San Fernando,Tuvalu
Dotty,Blase,Dotty.Blase@yopmail.com,developer,Manzini,"Iran, Islamic Republic Of"
Gertrud,Rheingold,Gertrud.Rheingold@yopmail.com,firefighter,Chihuahua,Belgium
Brynna,Rozanna,Brynna.Rozanna@yopmail.com,developer,Porto,South Africa
Dania,Cimbura,Dania.Cimbura@yopmail.com,police officer,Thimphu,Saint Kitts and Nevis
Alie,Cassius,Alie.Cassius@yopmail.com,developer,Boston,Samoa
Marcy,Peti,Marcy.Peti@yopmail.com,developer,Hagåtña,Sweden
Odessa,Iphlgenia,Odessa.Iphlgenia@yopmail.com,firefighter,Shanghai,Belize
Dorthy,Andrel,Dorthy.Andrel@yopmail.com,developer,Yangon,Mongolia
Felice,Bahr,Felice.Bahr@yopmail.com,firefighter,Malang,Estonia
Corina,Hieronymus,Corina.Hieronymus@yopmail.com,police officer,Rabat,Saint Vincent and the Grenadines
Jany,Leary,Jany.Leary@yopmail.com,firefighter,Ljubljana,United Kingdom
Genovera,Paton,Genovera.Paton@yopmail.com,doctor,Dresden,Sweden
Arlena,Rugen,Arlena.Rugen@yopmail.com,police officer,Qingdao,Northern Mariana Islands
Brana,Malina,Brana.Malina@yopmail.com,police officer,Suez,French Polynesia
Winifred,McNully,Winifred.McNully@yopmail.com,developer,Fort-de-France,Australia
Elfreda,Harned,Elfreda.Harned@yopmail.com,firefighter,Helsinki,Antarctica
Ellette,Knowling,Ellette.Knowling@yopmail.com,police officer,Sukhumi,United States Minor Outlying Islands
Violet,Madelene,Violet.Madelene@yopmail.com,worker,Adelaide,French Southern Territories
Anica,Diann,Anica.Diann@yopmail.com,police officer,Tbilisi,"Tanzania, United Republic of"
Andree,Kunin,Andree.Kunin@yopmail.com,doctor,Brazzaville,Denmark
Cecile,Engdahl,Cecile.Engdahl@yopmail.com,firefighter,Ottawa,Uruguay
Yolane,Cloris,Yolane.Cloris@yopmail.com,developer,Mendoza,Zambia
Mallory,Nadia,Mallory.Nadia@yopmail.com,developer,Livingstone,France
Almeta,Ferino,Almeta.Ferino@yopmail.com,police officer,Nouakchott,Barbados
Yolane,Jotham,Yolane.Jotham@yopmail.com,police officer,Bujumbura,Pakistan
Devina,Elvyn,Devina.Elvyn@yopmail.com,doctor,Nassau,Papua New Guinea
Caryl,Genna,Caryl.Genna@yopmail.com,police officer,Alexandria,Austria
Cindelyn,Meli,Cindelyn.Meli@yopmail.com,developer,Ushuaia,New Zealand
Roberta,Fry,Roberta.Fry@yopmail.com,developer,San Carlos de Bariloche,Sierra Leone
Konstance,Fredi,Konstance.Fredi@yopmail.com,police officer,Gaziantep,Benin
Blake,Joli,Blake.Joli@yopmail.com,doctor,Manchester,Solomon Islands
Brianna,Mallon,Brianna.Mallon@yopmail.com,doctor,Tórshavn,Nauru
Meg,Olin,Meg.Olin@yopmail.com,firefighter,Reykjavík,Falkland Islands (Malvinas)
Bertine,Sholley,Bertine.Sholley@yopmail.com,developer,Durban,Croatia
Betta,Zeeba,Betta.Zeeba@yopmail.com,firefighter,Chicago,Netherlands
Kaja,Loeb,Kaja.Loeb@yopmail.com,developer,Las Vegas,Hong Kong
Carmela,Joseph,Carmela.Joseph@yopmail.com,firefighter,Saint-Pierre,Fiji
Katleen,Nikaniki,Katleen.Nikaniki@yopmail.com,doctor,Udon Thani,Burundi
Edee,Hunfredo,Edee.Hunfredo@yopmail.com,firefighter,Sabha,Monaco
Eolanda,Milde,Eolanda.Milde@yopmail.com,developer,Winnipeg,Cyprus
Hope,Aloise,Hope.Aloise@yopmail.com,police officer,Gothenburg,Congo
Addia,Verger,Addia.Verger@yopmail.com,developer,Shijiazhuang,Honduras
Dorice,Presber,Dorice.Presber@yopmail.com,doctor,Simferopol,Sao Tome and Principe
Tori,Clie,Tori.Clie@yopmail.com,developer,Tel Aviv,Mayotte
Kalina,Ax,Kalina.Ax@yopmail.com,doctor,Asunción,Antigua and Barbuda
Cathyleen,Schroth,Cathyleen.Schroth@yopmail.com,worker,Portland,Mali
Valli,Rugen,Valli.Rugen@yopmail.com,doctor,Amsterdam,Tunisia
Dyann,Ortrude,Dyann.Ortrude@yopmail.com,police officer,Salt Lake City,Mexico
Evita,Hamil,Evita.Hamil@yopmail.com,police officer,Kandy,Nigeria
Ashlee,Natalia,Ashlee.Natalia@yopmail.com,developer,Peshawar,"Micronesia, Federated States of"
Nessie,Schroth,Nessie.Schroth@yopmail.com,police officer,Forked River,Sudan
Brianna,Vins,Brianna.Vins@yopmail.com,firefighter,Odessa,Namibia
Jillayne,Carey,Jillayne.Carey@yopmail.com,doctor,Kaesong,Morocco
Karolina,Dulciana,Karolina.Dulciana@yopmail.com,doctor,Mersin,Kazakhstan
Tomasina,Rosette,Tomasina.Rosette@yopmail.com,firefighter,Hamburg,Tunisia
Keelia,Alisia,Keelia.Alisia@yopmail.com,firefighter,Timbuktu,Egypt
Karolina,Albertine,Karolina.Albertine@yopmail.com,doctor,Taipei,Thailand
Tabbatha,Guildroy,Tabbatha.Guildroy@yopmail.com,developer,Cairns,Ethiopia
Micheline,Neva,Micheline.Neva@yopmail.com,doctor,Manaus,Hungary
Hope,Raychel,Hope.Raychel@yopmail.com,developer,Boston,British Indian Ocean Territory
Correy,Hilbert,Correy.Hilbert@yopmail.com,developer,Miami,Kazakhstan
Tomasina,Kannry,Tomasina.Kannry@yopmail.com,developer,Huế,Guinea-Bissau
Gwenneth,Bates,Gwenneth.Bates@yopmail.com,developer,San Juan,Madagascar
Dolli,Noelyn,Dolli.Noelyn@yopmail.com,firefighter,Avarua,Syrian Arab Republic
Ginnie,Marijo,Ginnie.Marijo@yopmail.com,police officer,Lucknow,Monaco
Katleen,Gale,Katleen.Gale@yopmail.com,developer,Lucknow,Suriname
Trixi,Whittaker,Trixi.Whittaker@yopmail.com,worker,São José dos Campos,American Samoa
Ivett,Blisse,Ivett.Blisse@yopmail.com,police officer,Port Blair,Åland Islands
Imojean,Edmund,Imojean.Edmund@yopmail.com,firefighter,Cork (city),Nigeria
Damaris,Sharl,Damaris.Sharl@yopmail.com,doctor,Nouakchott,Haiti
Harrietta,Seumas,Harrietta.Seumas@yopmail.com,developer,Niamey,"Virgin Islands, British"
Heddie,Barbey,Heddie.Barbey@yopmail.com,police officer,Greenwich,Swaziland
Magdalena,Pozzy,Magdalena.Pozzy@yopmail.com,worker,Townsville,Cuba
Kirbee,Huggins,Kirbee.Huggins@yopmail.com,firefighter,Yokohama,Christmas Island
Sam,Vorster,Sam.Vorster@yopmail.com,firefighter,Houston,Denmark
Sophia,Larochelle,Sophia.Larochelle@yopmail.com,firefighter,Nukuʻalofa,India
Cyndie,Gilbertson,Cyndie.Gilbertson@yopmail.com,police officer,Faisalabad,Ukraine
Gaylene,Euridice,Gaylene.Euridice@yopmail.com,firefighter,Dunedin,Jamaica
Ekaterina,Milde,Ekaterina.Milde@yopmail.com,developer,Dar es Salaam,"Lao People""S Democratic Republic"
Jackie,Harday,Jackie.Harday@yopmail.com,worker,Bujumbura,Denmark
Teriann,Ashely,Teriann.Ashely@yopmail.com,police officer,Invercargill,Cayman Islands
Lelah,Dearborn,Lelah.Dearborn@yopmail.com,developer,Basra,Afghanistan
Peri,Percy,Peri.Percy@yopmail.com,doctor,Bern,Anguilla
Nita,Smitt,Nita.Smitt@yopmail.com,worker,Port Louis,Hungary
Sara-Ann,Clie,Sara-Ann.Clie@yopmail.com,developer,Bangkok,Sierra Leone
Donnie,Berl,Donnie.Berl@yopmail.com,police officer,Porto-Novo,Canada
Fernande,Merat,Fernande.Merat@yopmail.com,worker,Ho Chi Minh City,British Indian Ocean Territory
Tomasina,Dulciana,Tomasina.Dulciana@yopmail.com,firefighter,Yellowknife,Eritrea
Christal,Hourigan,Christal.Hourigan@yopmail.com,worker,Xining,Saint Kitts and Nevis
Allis,Rosemary,Allis.Rosemary@yopmail.com,developer,Hilo,Marshall Islands
Britni,Salchunas,Britni.Salchunas@yopmail.com,police officer,Nukuʻalofa,Senegal
Dania,Brackely,Dania.Brackely@yopmail.com,firefighter,Pontianak,French Southern Territories
Ilse,Elephus,Ilse.Elephus@yopmail.com,firefighter,Hamburg,Timor-Leste
Mahalia,Hertzfeld,Mahalia.Hertzfeld@yopmail.com,developer,Adelaide,Sierra Leone
Philis,Ricki,Philis.Ricki@yopmail.com,firefighter,Melbourne,Peru
Christy,Garrison,Christy.Garrison@yopmail.com,developer,Charlotte Amalie,Switzerland
Janenna,Fairweather,Janenna.Fairweather@yopmail.com,police officer,Murmansk,Cyprus
Frank,Nahum,Frank.Nahum@yopmail.com,developer,Francistown,Samoa
Betta,Konyn,Betta.Konyn@yopmail.com,police officer,Gaza,Egypt
Korrie,Cordi,Korrie.Cordi@yopmail.com,developer,Serekunda,Macao
Rayna,Hutchison,Rayna.Hutchison@yopmail.com,police officer,Caracas,Western Sahara
Bill,Danby,Bill.Danby@yopmail.com,worker,Rawalpindi,Slovenia
Sheelagh,Edmund,Sheelagh.Edmund@yopmail.com,police officer,Jaipur,Turkmenistan
Deane,Hewitt,Deane.Hewitt@yopmail.com,developer,Rome,United Arab Emirates
Xylina,Capello,Xylina.Capello@yopmail.com,developer,Wuhan,Western Sahara
Shel,Vins,Shel.Vins@yopmail.com,worker,Las Palmas de Gran Canaria,Egypt
Celene,Greenwald,Celene.Greenwald@yopmail.com,police officer,Siem Reap,Australia
Winifred,Giule,Winifred.Giule@yopmail.com,developer,Dakar,"Cote D""Ivoire"
Tamqrah,Zola,Tamqrah.Zola@yopmail.com,worker,The Hague,United States
Marline,Pillsbury,Marline.Pillsbury@yopmail.com,worker,Yaren District,Christmas Island
Hettie,Phaidra,Hettie.Phaidra@yopmail.com,doctor,Memphis,Venezuela
Leanna,Giff,Leanna.Giff@yopmail.com,worker,Norilsk,Russian Federation
Hannis,Telfer,Hannis.Telfer@yopmail.com,police officer,Stuttgart,Jersey
Nonnah,Meter,Nonnah.Meter@yopmail.com,worker,Punta Arenas,Bermuda
Joleen,Ahab,Joleen.Ahab@yopmail.com,developer,Miri,Gibraltar
Oona,Buffum,Oona.Buffum@yopmail.com,doctor,Lubumbashi,Australia
Barbi,Alice,Barbi.Alice@yopmail.com,doctor,Atlanta,United States
Gretal,Sophronia,Gretal.Sophronia@yopmail.com,police officer,Santa Cruz de la Sierra,Cameroon
Kerrin,Marden,Kerrin.Marden@yopmail.com,doctor,Suez,Uganda
Fidelia,Blisse,Fidelia.Blisse@yopmail.com,worker,Shenzhen,Bhutan
Elora,Allare,Elora.Allare@yopmail.com,doctor,Srinagar,Burundi
Aeriela,Boycey,Aeriela.Boycey@yopmail.com,firefighter,Birkirkara,Luxembourg
Sandie,Adlare,Sandie.Adlare@yopmail.com,worker,Valletta,Oman
Heida,Killigrew,Heida.Killigrew@yopmail.com,firefighter,Sitka,Iceland
Talya,Thilda,Talya.Thilda@yopmail.com,worker,Valdivia,Zambia
Aryn,Soneson,Aryn.Soneson@yopmail.com,developer,Thimphu,Cape Verde
Jolyn,Dulciana,Jolyn.Dulciana@yopmail.com,police officer,Yekaterinburg,Samoa
Willetta,Vernier,Willetta.Vernier@yopmail.com,firefighter,Cardiff,Trinidad and Tobago
Kial,Ilka,Kial.Ilka@yopmail.com,developer,Belmopan,Tajikistan
Joceline,Pip,Joceline.Pip@yopmail.com,doctor,Surat Thani,Mali
Taffy,Cavan,Taffy.Cavan@yopmail.com,worker,Havana,South Africa
Gretal,Vilma,Gretal.Vilma@yopmail.com,worker,Bucharest,"Virgin Islands, British"
Dotty,Serilda,Dotty.Serilda@yopmail.com,police officer,Dibrugarh,Libyan Arab Jamahiriya
Amara,Fadiman,Amara.Fadiman@yopmail.com,police officer,Lucknow,Sudan
Max,Dunkin,Max.Dunkin@yopmail.com,doctor,Wichita,Paraguay
Abbie,Sekofski,Abbie.Sekofski@yopmail.com,doctor,Leipzig,Vanuatu
Addia,Raffo,Addia.Raffo@yopmail.com,developer,Juneau,Nicaragua
Vere,Tomasina,Vere.Tomasina@yopmail.com,doctor,Zagreb,Gibraltar
Brianna,Donoghue,Brianna.Donoghue@yopmail.com,firefighter,Pretoria,Ukraine
Dulcinea,Jammal,Dulcinea.Jammal@yopmail.com,police officer,Harare,Nigeria
Jasmina,Shirberg,Jasmina.Shirberg@yopmail.com,police officer,Oklahoma City,France
Oona,Nicoline,Oona.Nicoline@yopmail.com,worker,Baltimore,Eritrea
Siana,Zola,Siana.Zola@yopmail.com,firefighter,Nukuʻalofa,Pitcairn
Jessy,Kare,Jessy.Kare@yopmail.com,doctor,Monterrey,Gambia
Mureil,Seagraves,Mureil.Seagraves@yopmail.com,police officer,São Tomé,French Guiana
Nita,Hepsibah,Nita.Hepsibah@yopmail.com,developer,Bilbao,Greece
Dotty,Mott,Dotty.Mott@yopmail.com,police officer,Dallas,Afghanistan
Katharina,Euridice,Katharina.Euridice@yopmail.com,firefighter,Porto Velho,"Korea, Republic of"
Jacquetta,Durante,Jacquetta.Durante@yopmail.com,developer,Medellín,Peru
Hermione,Dash,Hermione.Dash@yopmail.com,worker,Cairns,Switzerland
Lanae,Krystle,Lanae.Krystle@yopmail.com,worker,New Orleans,British Indian Ocean Territory
Debee,Nunci,Debee.Nunci@yopmail.com,worker,Daegu,Dominican Republic
Almeta,Hachmin,Almeta.Hachmin@yopmail.com,doctor,Magadan,Venezuela
Sean,Eben,Sean.Eben@yopmail.com,developer,Kunming,Burundi
Edee,Jorgan,Edee.Jorgan@yopmail.com,firefighter,Zagreb,South Georgia and the South Sandwich Islands
Gwenneth,Emmaline,Gwenneth.Emmaline@yopmail.com,police officer,Surat Thani,Cape Verde
Donetta,Newell,Donetta.Newell@yopmail.com,firefighter,Belmopan,Chile
Jessy,Phaidra,Jessy.Phaidra@yopmail.com,police officer,Reykjavík,"Korea, Republic of"
Josephine,Garbe,Josephine.Garbe@yopmail.com,firefighter,San Fernando,Latvia
Shirlee,Urania,Shirlee.Urania@yopmail.com,doctor,Mexico City,Swaziland
Emelina,Arathorn,Emelina.Arathorn@yopmail.com,police officer,Accra,Viet Nam
Siana,Behre,Siana.Behre@yopmail.com,doctor,Da Nang,Nigeria
Modestia,Henrie,Modestia.Henrie@yopmail.com,doctor,Virginia Beach,Bahamas
Valli,Bach,Valli.Bach@yopmail.com,doctor,Bulawayo,Israel
Phedra,Birdella,Phedra.Birdella@yopmail.com,worker,Macau,Indonesia
Mignon,Harday,Mignon.Harday@yopmail.com,firefighter,Makati City,American Samoa
Ricky,Nicoline,Ricky.Nicoline@yopmail.com,doctor,Bangkok,RWANDA
Mady,Cath,Mady.Cath@yopmail.com,doctor,Port-au-Prince,Algeria
Aili,Pettiford,Aili.Pettiford@yopmail.com,worker,San Francisco,Belarus
Gianina,Ethban,Gianina.Ethban@yopmail.com,doctor,Mendoza,Botswana
Daphne,Bord,Daphne.Bord@yopmail.com,police officer,San Antonio,Netherlands
Lanae,Roscoe,Lanae.Roscoe@yopmail.com,developer,Suez,Croatia
Edith,Zetta,Edith.Zetta@yopmail.com,developer,El Paso,Saint Helena
Nollie,Taam,Nollie.Taam@yopmail.com,doctor,Colombo,Bahrain
Anthia,Barrus,Anthia.Barrus@yopmail.com,firefighter,Kuala Lumpur,France
Lindie,Eachern,Lindie.Eachern@yopmail.com,worker,Durango,Netherlands
Kayla,Jagir,Kayla.Jagir@yopmail.com,firefighter,Cusco,Colombia
Amii,Fancie,Amii.Fancie@yopmail.com,firefighter,Yamoussoukro,Honduras
Robbi,Presber,Robbi.Presber@yopmail.com,worker,Punta Arenas,Croatia
Tracey,Thunell,Tracey.Thunell@yopmail.com,developer,Sarajevo,Lebanon
Gretal,Dosia,Gretal.Dosia@yopmail.com,doctor,Chongjin,Gibraltar
Elka,Wenda,Elka.Wenda@yopmail.com,developer,Forked River,Reunion
Fawne,Hazlett,Fawne.Hazlett@yopmail.com,worker,Guatemala City,Comoros
Meriel,Belanger,Meriel.Belanger@yopmail.com,worker,Mandurah,Belarus
Lucille,Weinreb,Lucille.Weinreb@yopmail.com,firefighter,Longyearbyen,Venezuela
Isa,Boehike,Isa.Boehike@yopmail.com,worker,Tampere,"Virgin Islands, British"
Rani,Joli,Rani.Joli@yopmail.com,developer,Stepanakert,Belarus
Bill,Pitt,Bill.Pitt@yopmail.com,police officer,Adana,Estonia
Jacquetta,Wolfgram,Jacquetta.Wolfgram@yopmail.com,firefighter,Miami,Christmas Island
Marline,Brittani,Marline.Brittani@yopmail.com,worker,Mecca,Puerto Rico
Cathyleen,Henrie,Cathyleen.Henrie@yopmail.com,worker,Kiev,Libyan Arab Jamahiriya
Lisette,Weide,Lisette.Weide@yopmail.com,doctor,Bergen,Mali
Alie,Atonsah,Alie.Atonsah@yopmail.com,firefighter,Gaziantep,Nicaragua
Theodora,Hartnett,Theodora.Hartnett@yopmail.com,police officer,Miri,South Georgia and the South Sandwich Islands
Iseabal,Bertold,Iseabal.Bertold@yopmail.com,police officer,Lanzhou,Panama
Priscilla,Baptlsta,Priscilla.Baptlsta@yopmail.com,doctor,Rosario,Samoa
Elise,August,Elise.August@yopmail.com,worker,Stuttgart,Timor-Leste
Dode,Ehrman,Dode.Ehrman@yopmail.com,firefighter,Frankfurt,Slovakia
Shauna,Ackerley,Shauna.Ackerley@yopmail.com,firefighter,Riyadh,Barbados
Molli,Sancho,Molli.Sancho@yopmail.com,police officer,Bergen,Ethiopia
Daryl,Roarke,Daryl.Roarke@yopmail.com,doctor,Brisbane,French Guiana
Adelle,Grobe,Adelle.Grobe@yopmail.com,police officer,Geelong,Georgia
Etta,Rocray,Etta.Rocray@yopmail.com,developer,Townsville,Heard Island and Mcdonald Islands
Dyann,Goode,Dyann.Goode@yopmail.com,firefighter,Phoenix,Saint Lucia
Ezmeralda,Bach,Ezmeralda.Bach@yopmail.com,developer,Bangalore,Marshall Islands
Debee,Lacombe,Debee.Lacombe@yopmail.com,doctor,Monterrey,Sudan
Florie,Gaynor,Florie.Gaynor@yopmail.com,doctor,Sucre,Mayotte
Cristabel,Isacco,Cristabel.Isacco@yopmail.com,doctor,Vancouver,Trinidad and Tobago
Ethel,Fosque,Ethel.Fosque@yopmail.com,firefighter,Gangtok,Pakistan
Ericka,Brady,Ericka.Brady@yopmail.com,developer,Greenwich,New Zealand
Nanete,Kiersten,Nanete.Kiersten@yopmail.com,firefighter,Seattle,Gibraltar
Ann-Marie,Rosette,Ann-Marie.Rosette@yopmail.com,worker,Yaren District,RWANDA
Steffane,Phaidra,Steffane.Phaidra@yopmail.com,doctor,Cusco,Zambia
Lucy,Juliet,Lucy.Juliet@yopmail.com,developer,Nouakchott,El Salvador
Rozele,Bari,Rozele.Bari@yopmail.com,police officer,Multan,Åland Islands
Kary,Suanne,Kary.Suanne@yopmail.com,doctor,Mbabane,Grenada
Sara-Ann,Raimondo,Sara-Ann.Raimondo@yopmail.com,doctor,Cayenne,Yemen
Monika,Dudley,Monika.Dudley@yopmail.com,doctor,Koulikoro,Chad
Mady,Read,Mady.Read@yopmail.com,firefighter,Kiev,Pakistan
Oona,Jefferey,Oona.Jefferey@yopmail.com,doctor,Islamabad,Panama
Sheelagh,Pacorro,Sheelagh.Pacorro@yopmail.com,worker,Graz,Guinea-Bissau
Britte,Jena,Britte.Jena@yopmail.com,doctor,Tampere,Cameroon
Rozele,Vivle,Rozele.Vivle@yopmail.com,police officer,Chittagong,"Lao People""S Democratic Republic"
Dacia,Jena,Dacia.Jena@yopmail.com,police officer,Amman,Sweden
Molli,Revkah,Molli.Revkah@yopmail.com,developer,Antananarivo,Eritrea
Joeann,Kress,Joeann.Kress@yopmail.com,police officer,Dalian,Austria
Lulita,Calhoun,Lulita.Calhoun@yopmail.com,doctor,Murmansk,Tunisia
Nataline,Janene,Nataline.Janene@yopmail.com,worker,Bangalore,Bouvet Island
Adele,Kamaria,Adele.Kamaria@yopmail.com,worker,Pattaya,"Virgin Islands, U.S."
Lorenza,Holbrook,Lorenza.Holbrook@yopmail.com,police officer,Basse-Terre,"Lao People""S Democratic Republic"
Ann-Marie,Anselmi,Ann-Marie.Anselmi@yopmail.com,firefighter,Dubai,Belize
Malina,Cookie,Malina.Cookie@yopmail.com,police officer,Bissau,Colombia
Stacey,Fancie,Stacey.Fancie@yopmail.com,firefighter,Simferopol,Heard Island and Mcdonald Islands
Dotty,Meter,Dotty.Meter@yopmail.com,developer,Road Town,Swaziland
Lelah,Adore,Lelah.Adore@yopmail.com,worker,Bangui,Saint Kitts and Nevis
Merry,Myrilla,Merry.Myrilla@yopmail.com,doctor,Shillong,Niue
Farrah,Hilbert,Farrah.Hilbert@yopmail.com,firefighter,Antananarivo,Austria
Donnie,Newell,Donnie.Newell@yopmail.com,firefighter,St. George's,"Macedonia, The Former Yugoslav Republic of"
Gusella,Lesley,Gusella.Lesley@yopmail.com,worker,Mashhad,Antarctica
Rozele,Saunderson,Rozele.Saunderson@yopmail.com,firefighter,Jerusalem,Bouvet Island
Riannon,Isidore,Riannon.Isidore@yopmail.com,developer,Johannesburg,Czech Republic
Henriette,Ahab,Henriette.Ahab@yopmail.com,doctor,Paris,Namibia
Aeriela,Holtz,Aeriela.Holtz@yopmail.com,worker,Curitiba,Sao Tome and Principe
Corina,Smitt,Corina.Smitt@yopmail.com,doctor,Luanda,Anguilla
Calla,Uird,Calla.Uird@yopmail.com,police officer,Mendoza,"Tanzania, United Republic of"
Kamilah,Pattin,Kamilah.Pattin@yopmail.com,firefighter,Port Hedland,Singapore
Tracey,Aloise,Tracey.Aloise@yopmail.com,doctor,Horta (Azores),Ethiopia
Olivette,Brunell,Olivette.Brunell@yopmail.com,worker,Punta Arenas,Fiji
Max,Moina,Max.Moina@yopmail.com,firefighter,Wellington,Cyprus
Farrah,Francene,Farrah.Francene@yopmail.com,police officer,Guwahati,Hungary
Adele,Bonilla,Adele.Bonilla@yopmail.com,worker,Alexandria,Puerto Rico
Glynnis,Janith,Glynnis.Janith@yopmail.com,doctor,Kuala Lumpur,Liechtenstein
Sherrie,Greyson,Sherrie.Greyson@yopmail.com,firefighter,Kobe,Turkmenistan
Bee,Madaih,Bee.Madaih@yopmail.com,police officer,Geelong,Puerto Rico
Queenie,Newell,Queenie.Newell@yopmail.com,worker,Rio de Janeiro,Barbados
Modestia,Mehalek,Modestia.Mehalek@yopmail.com,doctor,Konya,Burundi
Jan,Roscoe,Jan.Roscoe@yopmail.com,firefighter,Mérida,Portugal
Augustine,Himelman,Augustine.Himelman@yopmail.com,doctor,Kabul,Finland
Philis,Briney,Philis.Briney@yopmail.com,police officer,Hong Kong,United Arab Emirates
Atlanta,Clara,Atlanta.Clara@yopmail.com,worker,Chiang Mai,Gambia
Katharina,Marijo,Katharina.Marijo@yopmail.com,firefighter,Yogyakarta (city),Swaziland
Merry,Aprile,Merry.Aprile@yopmail.com,doctor,Valdivia,Bahamas
Meriel,Wilona,Meriel.Wilona@yopmail.com,doctor,Dalian,Mauritania
Ebonee,Chesna,Ebonee.Chesna@yopmail.com,developer,Enugu,Montserrat
Tobe,Berl,Tobe.Berl@yopmail.com,worker,Cartagena,Netherlands
Marcelline,Peg,Marcelline.Peg@yopmail.com,doctor,Malacca Town,"Virgin Islands, U.S."
Debee,Shuler,Debee.Shuler@yopmail.com,firefighter,Belgrade,Switzerland
Jillayne,Maribeth,Jillayne.Maribeth@yopmail.com,developer,Karachi,Saint Vincent and the Grenadines
Trixi,Gilmour,Trixi.Gilmour@yopmail.com,worker,Yogyakarta (city),Croatia
Caritta,Ephrem,Caritta.Ephrem@yopmail.com,worker,Guadalajara,Kiribati
Aryn,Podvin,Aryn.Podvin@yopmail.com,worker,Cape Town,Gabon
Dede,Jotham,Dede.Jotham@yopmail.com,doctor,Lyon,Swaziland
Andree,Sigfrid,Andree.Sigfrid@yopmail.com,worker,Guayaquil,Sweden
Danika,Ortrude,Danika.Ortrude@yopmail.com,developer,Balikpapan,"Micronesia, Federated States of"
Angela,Gemini,Angela.Gemini@yopmail.com,developer,Warsaw,Pitcairn
Susette,Lutero,Susette.Lutero@yopmail.com,worker,Chihuahua,Belgium
Philis,Gilbertson,Philis.Gilbertson@yopmail.com,police officer,Livingstone,Sudan
Constance,Couture,Constance.Couture@yopmail.com,firefighter,Juneau,"Virgin Islands, U.S."
Joeann,Latini,Joeann.Latini@yopmail.com,doctor,Madrid,Finland
Jacquetta,Nunci,Jacquetta.Nunci@yopmail.com,worker,Thessaloniki,Madagascar
Gretal,Gemini,Gretal.Gemini@yopmail.com,doctor,Gaza,Equatorial Guinea
Kimmy,Arvo,Kimmy.Arvo@yopmail.com,police officer,Nouakchott,Fiji
Maud,Yate,Maud.Yate@yopmail.com,firefighter,Iquique,"Taiwan, Province of China"
Joane,Iphlgenia,Joane.Iphlgenia@yopmail.com,police officer,Asunción,Saint Lucia
Peri,Whiffen,Peri.Whiffen@yopmail.com,doctor,Alor Star,Tajikistan
Gui,Darrell,Gui.Darrell@yopmail.com,developer,Chennai,Nauru
Joane,Delacourt,Joane.Delacourt@yopmail.com,worker,Canberra,Egypt
Leona,Lemuela,Leona.Lemuela@yopmail.com,worker,Port Said,Argentina
Lory,Diann,Lory.Diann@yopmail.com,worker,Indianapolis,United Kingdom
Flory,Cynar,Flory.Cynar@yopmail.com,doctor,Nakhon Ratchasima,Ethiopia
Candi,Noelyn,Candi.Noelyn@yopmail.com,doctor,Manchester,Armenia
Katuscha,Bouchard,Katuscha.Bouchard@yopmail.com,doctor,Panama City,France
Danny,Howlyn,Danny.Howlyn@yopmail.com,developer,Tel Aviv,Trinidad and Tobago
Nickie,Adamsen,Nickie.Adamsen@yopmail.com,firefighter,Kinshasa,Tunisia
Farrah,Paton,Farrah.Paton@yopmail.com,police officer,Chihuahua,Honduras
Ingrid,Brittani,Ingrid.Brittani@yopmail.com,doctor,Maracaibo,Guam
Jaime,Arvo,Jaime.Arvo@yopmail.com,developer,Birkirkara,Cyprus
Lexine,Alexandr,Lexine.Alexandr@yopmail.com,doctor,Medan,Liberia
Lila,Argus,Lila.Argus@yopmail.com,developer,Stockholm,Bahamas
Merle,Darian,Merle.Darian@yopmail.com,developer,Graz,"Moldova, Republic of"
Shannah,Marsden,Shannah.Marsden@yopmail.com,doctor,Perm,China
Tracey,Thornburg,Tracey.Thornburg@yopmail.com,developer,Nanjing,Slovenia
Sibella,Gordon,Sibella.Gordon@yopmail.com,developer,Semarang,Botswana
Raf,Blake,Raf.Blake@yopmail.com,police officer,Edinburgh,Swaziland
Alejandra,Erskine,Alejandra.Erskine@yopmail.com,police officer,Macapá,"Korea, Republic of"
Rhoda,Milde,Rhoda.Milde@yopmail.com,firefighter,Nairobi,Morocco
Jany,Bury,Jany.Bury@yopmail.com,developer,Pattaya,French Polynesia
Ingrid,Kiyoshi,Ingrid.Kiyoshi@yopmail.com,developer,Santa Cruz de la Sierra,Anguilla
Heida,Diogenes,Heida.Diogenes@yopmail.com,doctor,Marseille,Iraq
Aimil,Felizio,Aimil.Felizio@yopmail.com,developer,Makassar,Zimbabwe
Gavrielle,McGrody,Gavrielle.McGrody@yopmail.com,developer,Francistown,Iraq
Heddie,Skell,Heddie.Skell@yopmail.com,doctor,San Carlos de Bariloche,Åland Islands
Shirlee,Ardeha,Shirlee.Ardeha@yopmail.com,developer,Bratsk,Saint Lucia
Kassey,Breed,Kassey.Breed@yopmail.com,worker,Lyon,"Virgin Islands, British"
Lita,Naashom,Lita.Naashom@yopmail.com,police officer,Washington,Peru
Joelly,Bonilla,Joelly.Bonilla@yopmail.com,developer,Suez,Mozambique
Anthia,Astra,Anthia.Astra@yopmail.com,doctor,Harbin,"Korea, Republic of"
Berta,Fabiola,Berta.Fabiola@yopmail.com,doctor,Murmansk,Madagascar
Jeanna,Thomasina,Jeanna.Thomasina@yopmail.com,doctor,Bandung,United Arab Emirates
Marsiella,Yusuk,Marsiella.Yusuk@yopmail.com,developer,Guwahati,Gabon
Chandra,Jotham,Chandra.Jotham@yopmail.com,worker,Aarhus,Romania
Hermione,Tillford,Hermione.Tillford@yopmail.com,firefighter,Manchester,Sri Lanka
Carly,Buckler,Carly.Buckler@yopmail.com,worker,Hiroshima,Congo
Vonny,Oriana,Vonny.Oriana@yopmail.com,doctor,Mashhad,Hong Kong
Liana,Valerio,Liana.Valerio@yopmail.com,developer,San Antonio,Norfolk Island
Starla,Faust,Starla.Faust@yopmail.com,worker,Cotonou,Guernsey
Tersina,Klotz,Tersina.Klotz@yopmail.com,doctor,Dushanbe,Lithuania
Arabel,Eckblad,Arabel.Eckblad@yopmail.com,firefighter,Iquique,Central African Republic
Ruthe,Ledah,Ruthe.Ledah@yopmail.com,worker,Manila,Fiji
Maud,Sancho,Maud.Sancho@yopmail.com,doctor,Hai Phong,Gambia
Carmela,Scammon,Carmela.Scammon@yopmail.com,doctor,Dili,Tokelau
Darlleen,Bury,Darlleen.Bury@yopmail.com,worker,Willemstad,Anguilla
Debee,Mintz,Debee.Mintz@yopmail.com,police officer,Sarajevo,Timor-Leste
Benita,Niles,Benita.Niles@yopmail.com,doctor,Lahore,Bahamas
Marleah,Bebe,Marleah.Bebe@yopmail.com,developer,Kaliningrad,Kyrgyzstan
Ivett,Goode,Ivett.Goode@yopmail.com,firefighter,Tehran,"Lao People""S Democratic Republic"
Johna,Fax,Johna.Fax@yopmail.com,police officer,Salt Lake City,El Salvador
Carlie,Diann,Carlie.Diann@yopmail.com,developer,Fort-de-France,Vanuatu
Ezmeralda,Ailyn,Ezmeralda.Ailyn@yopmail.com,developer,Agartala,Trinidad and Tobago
Jere,Chinua,Jere.Chinua@yopmail.com,developer,Hagåtña,Tokelau
Deloria,Moina,Deloria.Moina@yopmail.com,firefighter,Iquique,"Korea, Republic of"
Elvira,Dorine,Elvira.Dorine@yopmail.com,police officer,Amsterdam,Ecuador
Nikki,Nedrud,Nikki.Nedrud@yopmail.com,worker,Valencia,Afghanistan
Donetta,Tound,Donetta.Tound@yopmail.com,doctor,Cannes,Ghana
Ellette,Jalbert,Ellette.Jalbert@yopmail.com,police officer,Yerevan,Poland
Jemie,Waite,Jemie.Waite@yopmail.com,firefighter,Tampere,Belgium
Latisha,Center,Latisha.Center@yopmail.com,developer,Bucharest,Solomon Islands
Carmencita,Ferino,Carmencita.Ferino@yopmail.com,developer,Agartala,French Polynesia
Leontine,Hirsch,Leontine.Hirsch@yopmail.com,developer,Aarhus,Central African Republic
Jany,McClimans,Jany.McClimans@yopmail.com,doctor,Norilsk,Japan
Cassandra,Belldas,Cassandra.Belldas@yopmail.com,worker,Johannesburg,Bangladesh
Kenna,Jobi,Kenna.Jobi@yopmail.com,worker,Bursa,"Korea, Democratic People""S Republic of"
Regina,Schwejda,Regina.Schwejda@yopmail.com,doctor,Lanzhou,Gabon
Aimil,Hortensia,Aimil.Hortensia@yopmail.com,worker,Montevideo,Seychelles
Elena,Halla,Elena.Halla@yopmail.com,worker,Buenos Aires,Papua New Guinea
Blake,Karl,Blake.Karl@yopmail.com,firefighter,Zürich,Somalia
Agnese,Hubert,Agnese.Hubert@yopmail.com,doctor,Islamabad,Panama
Selia,Myrilla,Selia.Myrilla@yopmail.com,worker,Valletta,Samoa
Clary,Kirstin,Clary.Kirstin@yopmail.com,police officer,Qingdao,Algeria
Shell,Aprile,Shell.Aprile@yopmail.com,doctor,Nanning,Azerbaijan
Romona,Bohlin,Romona.Bohlin@yopmail.com,firefighter,Dongguan,Poland
Donnie,Hurley,Donnie.Hurley@yopmail.com,police officer,Washington,Reunion
Alameda,Simmonds,Alameda.Simmonds@yopmail.com,developer,Düsseldorf,South Africa
Jolyn,Fink,Jolyn.Fink@yopmail.com,firefighter,Dubai,Lesotho
Philis,Ries,Philis.Ries@yopmail.com,firefighter,Manila,Jordan
Minda,Burnside,Minda.Burnside@yopmail.com,worker,Skopje,Singapore
Dorothy,Ricki,Dorothy.Ricki@yopmail.com,doctor,Sydney,Malaysia
Rosanne,Vacuva,Rosanne.Vacuva@yopmail.com,doctor,Arequipa,Belgium
Petronia,Maribeth,Petronia.Maribeth@yopmail.com,doctor,Mendoza,Papua New Guinea
Neila,Ochs,Neila.Ochs@yopmail.com,developer,Nanning,Mali
Addia,Kronfeld,Addia.Kronfeld@yopmail.com,worker,Astana,Swaziland
Olivette,Annice,Olivette.Annice@yopmail.com,developer,Lahore,Niue
Shell,Shanley,Shell.Shanley@yopmail.com,doctor,St. John's,Sao Tome and Principe
Myrtice,Elbertina,Myrtice.Elbertina@yopmail.com,doctor,Luxembourg (city),Greece
Eadie,Glenden,Eadie.Glenden@yopmail.com,firefighter,Monterrey,Georgia
Eadie,Campball,Eadie.Campball@yopmail.com,worker,Düsseldorf,Japan
Gale,Bigner,Gale.Bigner@yopmail.com,firefighter,Petropavlovsk-Kamchatsky,Hong Kong
Kittie,Sharl,Kittie.Sharl@yopmail.com,worker,Sydney,Dominican Republic
Marnia,Francyne,Marnia.Francyne@yopmail.com,firefighter,Zhengzhou,Northern Mariana Islands
Dulce,Liebermann,Dulce.Liebermann@yopmail.com,worker,Buffalo,Costa Rica
Inga,Letsou,Inga.Letsou@yopmail.com,worker,Thiès,Guatemala
Henriette,Suzetta,Henriette.Suzetta@yopmail.com,worker,Porto-Novo,Gabon
Goldie,Diogenes,Goldie.Diogenes@yopmail.com,doctor,Timbuktu,Bahamas
Joelly,Nahum,Joelly.Nahum@yopmail.com,firefighter,Thimphu,Algeria
Kerrin,Janith,Kerrin.Janith@yopmail.com,doctor,Montreal,Svalbard and Jan Mayen
Nananne,Harday,Nananne.Harday@yopmail.com,doctor,Geelong,Comoros
Isa,Lasley,Isa.Lasley@yopmail.com,worker,Libreville,Morocco
Karolina,Astra,Karolina.Astra@yopmail.com,firefighter,Glasgow,Ireland
Elora,Jary,Elora.Jary@yopmail.com,police officer,Hanover,Timor-Leste
Jacquetta,Anyah,Jacquetta.Anyah@yopmail.com,worker,Providence,New Zealand
Audrie,Phyllis,Audrie.Phyllis@yopmail.com,worker,Dublin,Libyan Arab Jamahiriya
Larine,Fink,Larine.Fink@yopmail.com,developer,Hagåtña,Afghanistan
Theodora,Atcliffe,Theodora.Atcliffe@yopmail.com,developer,Dallas,Mauritania
Tersina,Corabella,Tersina.Corabella@yopmail.com,doctor,Montreal,Equatorial Guinea
Christal,Ciapas,Christal.Ciapas@yopmail.com,developer,Riverside,Paraguay
Yvonne,Annice,Yvonne.Annice@yopmail.com,developer,Ashgabat,Grenada
Jan,Erb,Jan.Erb@yopmail.com,worker,Busan,Netherlands
Kimberley,Klemperer,Kimberley.Klemperer@yopmail.com,developer,Vatican City,Somalia
Deedee,Pond,Deedee.Pond@yopmail.com,worker,Hamburg,Tajikistan
Brynna,Chaing,Brynna.Chaing@yopmail.com,police officer,Da Nang,Romania
Robbi,Albertine,Robbi.Albertine@yopmail.com,developer,Bulawayo,RWANDA
Winifred,Heisel,Winifred.Heisel@yopmail.com,police officer,Montevideo,Algeria
Pollyanna,Solitta,Pollyanna.Solitta@yopmail.com,firefighter,Nakhon Ratchasima,Kiribati
Kial,Marcellus,Kial.Marcellus@yopmail.com,developer,Bratsk,Tunisia
Regina,Papageno,Regina.Papageno@yopmail.com,worker,Salt Lake City,"Lao People""S Democratic Republic"
Rhoda,Whiffen,Rhoda.Whiffen@yopmail.com,developer,Ashgabat,Grenada
June,Sheng,June.Sheng@yopmail.com,developer,Iqaluit,Gibraltar
Katharina,Norvol,Katharina.Norvol@yopmail.com,police officer,Tiraspol,Benin
Heddie,Arvo,Heddie.Arvo@yopmail.com,doctor,Baltimore,Ghana
Emma,Wilkinson,Emma.Wilkinson@yopmail.com,police officer,Milan,Sudan
Inga,Burch,Inga.Burch@yopmail.com,police officer,Winnipeg,China
Lory,Eldrid,Lory.Eldrid@yopmail.com,developer,Tallinn,Grenada
Shaylyn,Astra,Shaylyn.Astra@yopmail.com,police officer,Kigali,Macao
Heida,Suzetta,Heida.Suzetta@yopmail.com,doctor,Gangtok,Aruba
Alameda,Pozzy,Alameda.Pozzy@yopmail.com,developer,Honolulu,United States Minor Outlying Islands
Bettine,Mich,Bettine.Mich@yopmail.com,developer,Milwaukee,Barbados
Adore,Rubie,Adore.Rubie@yopmail.com,firefighter,Dammam,Turkey
Amii,Terencio,Amii.Terencio@yopmail.com,firefighter,Las Vegas,Croatia
Daphne,Han,Daphne.Han@yopmail.com,developer,Agartala,Yemen
Vonny,Federica,Vonny.Federica@yopmail.com,worker,Phoenix,"Tanzania, United Republic of"
Cam,Chem,Cam.Chem@yopmail.com,firefighter,Las Vegas,"Palestinian Territory, Occupied"
Violet,Ethban,Violet.Ethban@yopmail.com,worker,Malabo,Japan
Perry,Allare,Perry.Allare@yopmail.com,firefighter,Cuiabá,Gambia
Bill,Laurianne,Bill.Laurianne@yopmail.com,developer,Kota Kinabalu,Australia
Alyssa,Evangelia,Alyssa.Evangelia@yopmail.com,police officer,Moscow,Syrian Arab Republic
Adele,Tjon,Adele.Tjon@yopmail.com,firefighter,Cleveland,Swaziland
Lyssa,Bronk,Lyssa.Bronk@yopmail.com,doctor,Frankfurt,"Macedonia, The Former Yugoslav Republic of"
Ericka,Thema,Ericka.Thema@yopmail.com,worker,Oranjestad,"Iran, Islamic Republic Of"
Perry,Annice,Perry.Annice@yopmail.com,developer,Saint John,Guinea-Bissau
Daphne,Goldina,Daphne.Goldina@yopmail.com,worker,Hong Kong,Saint Kitts and Nevis
Aubrie,Philoo,Aubrie.Philoo@yopmail.com,firefighter,Campo Grande,"Congo, The Democratic Republic of the"
Mamie,Rese,Mamie.Rese@yopmail.com,developer,São Tomé,"Iran, Islamic Republic Of"
Jean,Ashely,Jean.Ashely@yopmail.com,firefighter,Innsbruck,Egypt
Heida,McGrody,Heida.McGrody@yopmail.com,firefighter,Las Palmas de Gran Canaria,Indonesia
Romona,Rosemary,Romona.Rosemary@yopmail.com,doctor,Buenos Aires,Cyprus
Charlena,Adamsen,Charlena.Adamsen@yopmail.com,firefighter,Taichung,Singapore
Tarra,Keelia,Tarra.Keelia@yopmail.com,doctor,Bogotá,Sao Tome and Principe
Hannis,Letsou,Hannis.Letsou@yopmail.com,developer,Pune,Bermuda
Mamie,Milde,Mamie.Milde@yopmail.com,developer,Port Vila,Japan
Genovera,Wenoa,Genovera.Wenoa@yopmail.com,worker,Iquitos,French Polynesia
Gwenneth,Yusuk,Gwenneth.Yusuk@yopmail.com,doctor,Abuja,Colombia
Lacie,Randene,Lacie.Randene@yopmail.com,developer,Lobamba,Guinea
Kaia,Edee,Kaia.Edee@yopmail.com,firefighter,Istanbul,United States
Donnie,Brian,Donnie.Brian@yopmail.com,doctor,Tampa,San Marino
Hermione,Dreda,Hermione.Dreda@yopmail.com,developer,Edinburgh,French Guiana
Lolita,Urias,Lolita.Urias@yopmail.com,police officer,Incheon,Canada
Violet,Rugen,Violet.Rugen@yopmail.com,developer,Alexandria,Isle of Man
Micheline,Elvyn,Micheline.Elvyn@yopmail.com,firefighter,Baghdad,"Cote D""Ivoire"
Dulce,Brenn,Dulce.Brenn@yopmail.com,developer,San Diego,Finland
Maurene,Kunin,Maurene.Kunin@yopmail.com,firefighter,Moroni,India
Justinn,Edee,Justinn.Edee@yopmail.com,developer,Milan,"Macedonia, The Former Yugoslav Republic of"
Nollie,Kelula,Nollie.Kelula@yopmail.com,worker,Panama City,"Korea, Republic of"
Meriel,Morehouse,Meriel.Morehouse@yopmail.com,police officer,Manila,Fiji
Modestia,Jaylene,Modestia.Jaylene@yopmail.com,worker,Adamstown,Tajikistan
Joy,Kylander,Joy.Kylander@yopmail.com,worker,Vatican City,Mauritius
Marinna,Delp,Marinna.Delp@yopmail.com,police officer,Tórshavn,Niue
Lynea,Isacco,Lynea.Isacco@yopmail.com,doctor,Jacksonville,Madagascar
Konstance,Havens,Konstance.Havens@yopmail.com,worker,Guwahati,Belarus
Merrie,Wolfgram,Merrie.Wolfgram@yopmail.com,developer,Manama,Iraq
Eugine,Romelda,Eugine.Romelda@yopmail.com,developer,Mata-Utu,Botswana
Arabel,Fadiman,Arabel.Fadiman@yopmail.com,doctor,Valdivia,Philippines
Lynea,Haerr,Lynea.Haerr@yopmail.com,police officer,Calgary,New Caledonia
Fredericka,Sadowski,Fredericka.Sadowski@yopmail.com,firefighter,Surabaya,Papua New Guinea
Emylee,Zrike,Emylee.Zrike@yopmail.com,police officer,Taipei,Grenada
Carly,Poppy,Carly.Poppy@yopmail.com,worker,Cusco,Turks and Caicos Islands
Vita,Lorenz,Vita.Lorenz@yopmail.com,firefighter,Anadyr (town),Netherlands Antilles
Joeann,Mozelle,Joeann.Mozelle@yopmail.com,police officer,Hagåtña,Marshall Islands
Emilia,Miru,Emilia.Miru@yopmail.com,firefighter,Udon Thani,Åland Islands
Jobi,Bord,Jobi.Bord@yopmail.com,developer,Xining,Isle of Man
Oralee,Shaver,Oralee.Shaver@yopmail.com,doctor,Bangalore,Hungary
Lisette,Noman,Lisette.Noman@yopmail.com,doctor,Davao City,"Congo, The Democratic Republic of the"
Leona,Lenny,Leona.Lenny@yopmail.com,doctor,Osaka,Kiribati
Binny,Mata,Binny.Mata@yopmail.com,worker,Islamabad,Morocco
Marinna,Rudolph,Marinna.Rudolph@yopmail.com,police officer,Berlin,Cook Islands
Lizzie,Niccolo,Lizzie.Niccolo@yopmail.com,developer,Manila,Northern Mariana Islands
Goldie,Thema,Goldie.Thema@yopmail.com,police officer,Quetzaltenango,Austria
Edee,Doig,Edee.Doig@yopmail.com,police officer,Providence,Gambia
Melina,Lytton,Melina.Lytton@yopmail.com,firefighter,Sofia,Guyana
Lucy,Anastatius,Lucy.Anastatius@yopmail.com,firefighter,Dammam,Martinique
Cissiee,Clara,Cissiee.Clara@yopmail.com,developer,Chennai,United Kingdom
Aeriela,Rosemary,Aeriela.Rosemary@yopmail.com,police officer,Phoenix,French Polynesia
Shell,Kussell,Shell.Kussell@yopmail.com,doctor,Port Hedland,American Samoa
Ida,Joseph,Ida.Joseph@yopmail.com,police officer,Leipzig,Ethiopia
Julieta,Edee,Julieta.Edee@yopmail.com,developer,Algiers,Saint Helena
Amalie,Reinke,Amalie.Reinke@yopmail.com,police officer,Kiev,Sudan
Marita,Jaylene,Marita.Jaylene@yopmail.com,worker,Srinagar,Cameroon
Cristabel,Kussell,Cristabel.Kussell@yopmail.com,firefighter,Valencia,Congo
Henriette,Kare,Henriette.Kare@yopmail.com,police officer,Bratsk,"Micronesia, Federated States of"
Maud,Mata,Maud.Mata@yopmail.com,worker,Nashville,Russian Federation
Blinni,Tannie,Blinni.Tannie@yopmail.com,doctor,Hilo,Somalia
Marsiella,Stover,Marsiella.Stover@yopmail.com,firefighter,Copenhagen,Belize
Frances,Haldas,Frances.Haldas@yopmail.com,police officer,Bratsk,Russian Federation
Antonietta,Maroney,Antonietta.Maroney@yopmail.com,police officer,Labasa,Jamaica
Ardenia,Kermit,Ardenia.Kermit@yopmail.com,worker,Adana,Monaco
Kore,Quinn,Kore.Quinn@yopmail.com,doctor,Zagreb,Egypt
Fawne,Han,Fawne.Han@yopmail.com,firefighter,Podgorica,Eritrea
Stephanie,Niles,Stephanie.Niles@yopmail.com,firefighter,Belmopan,French Southern Territories
Leanna,Ioab,Leanna.Ioab@yopmail.com,worker,Castries,Cyprus
Jean,O'Neill,Jean.O'Neill@yopmail.com,worker,Conakry,Angola
Ada,Zaslow,Ada.Zaslow@yopmail.com,worker,Almaty,Viet Nam
Brandise,Candy,Brandise.Candy@yopmail.com,firefighter,Nakhon Ratchasima,American Samoa
Justinn,Rurik,Justinn.Rurik@yopmail.com,police officer,Weno,Hong Kong
Feliza,Zachary,Feliza.Zachary@yopmail.com,firefighter,Hanoi,Sweden
Kayla,Ahab,Kayla.Ahab@yopmail.com,police officer,Santiago,Mayotte
Alyssa,Girardo,Alyssa.Girardo@yopmail.com,police officer,Mexico City,Madagascar
Zaria,Jalbert,Zaria.Jalbert@yopmail.com,developer,Kabul,"Tanzania, United Republic of"
Elvira,Kinnard,Elvira.Kinnard@yopmail.com,worker,Astana,"Korea, Republic of"
Corina,Ramona,Corina.Ramona@yopmail.com,developer,Porto Velho,Togo
Sophia,Nickola,Sophia.Nickola@yopmail.com,worker,Boa Vista,British Indian Ocean Territory
Kathi,Medrek,Kathi.Medrek@yopmail.com,worker,Dunedin,Turks and Caicos Islands
Carmencita,Harriman,Carmencita.Harriman@yopmail.com,developer,Kraków,Papua New Guinea
Cassandra,Ricki,Cassandra.Ricki@yopmail.com,worker,Saint Petersburg,France
Hope,Lamoree,Hope.Lamoree@yopmail.com,doctor,Angra do Heroísmo,Bhutan
Penelopa,Lindemann,Penelopa.Lindemann@yopmail.com,doctor,Mecca,Italy
Bee,Skell,Bee.Skell@yopmail.com,firefighter,Batticaloa,Spain
Dulce,Ivens,Dulce.Ivens@yopmail.com,firefighter,Córdoba,Botswana
Desirae,Birdella,Desirae.Birdella@yopmail.com,police officer,Tórshavn,Marshall Islands
Eugine,Gahl,Eugine.Gahl@yopmail.com,doctor,Jayapura,Mauritius
Kial,Lilybelle,Kial.Lilybelle@yopmail.com,developer,Managua,Tonga
Noelle,Amethist,Noelle.Amethist@yopmail.com,doctor,Omsk,Cayman Islands
Roz,Danby,Roz.Danby@yopmail.com,firefighter,Nassau,Timor-Leste
Dagmar,Brandice,Dagmar.Brandice@yopmail.com,developer,Bratislava,Pakistan
Margette,Donell,Margette.Donell@yopmail.com,police officer,Adelaide,"Tanzania, United Republic of"
Caressa,Bevin,Caressa.Bevin@yopmail.com,developer,Ankara,French Southern Territories